--
-- PostgreSQL database dump
--

-- Dumped from database version 14.18 (Debian 14.18-1.pgdg120+1)
-- Dumped by pg_dump version 14.18 (Debian 14.18-1.pgdg120+1)

SET statement_timeout = 0;
SET lock_timeout = 0;
SET idle_in_transaction_session_timeout = 0;
SET client_encoding = 'UTF8';
SET standard_conforming_strings = on;
SELECT pg_catalog.set_config('search_path', '', false);
SET check_function_bodies = false;
SET xmloption = content;
SET client_min_messages = warning;
SET row_security = off;

--
-- Name: rmo; Type: SCHEMA; Schema: -; Owner: admin
--

CREATE SCHEMA rmo;


ALTER SCHEMA rmo OWNER TO admin;

SET default_tablespace = '';

SET default_table_access_method = heap;

--
-- Name: accounts_account; Type: TABLE; Schema: rmo; Owner: admin
--

CREATE TABLE rmo.accounts_account (
    account_id integer NOT NULL,
    college_id_id integer,
    course_id_id integer,
    user_id_id integer NOT NULL,
    user_type_id_id integer NOT NULL
);


ALTER TABLE rmo.accounts_account OWNER TO admin;

--
-- Name: accounts_account_account_id_seq; Type: SEQUENCE; Schema: rmo; Owner: admin
--

ALTER TABLE rmo.accounts_account ALTER COLUMN account_id ADD GENERATED BY DEFAULT AS IDENTITY (
    SEQUENCE NAME rmo.accounts_account_account_id_seq
    START WITH 1
    INCREMENT BY 1
    NO MINVALUE
    NO MAXVALUE
    CACHE 1
);


--
-- Name: accounts_usertype; Type: TABLE; Schema: rmo; Owner: admin
--

CREATE TABLE rmo.accounts_usertype (
    user_type_id integer NOT NULL,
    name character varying(255) NOT NULL,
    faculty_type_id integer
);


ALTER TABLE rmo.accounts_usertype OWNER TO admin;

--
-- Name: accounts_usertype_user_type_id_seq; Type: SEQUENCE; Schema: rmo; Owner: admin
--

ALTER TABLE rmo.accounts_usertype ALTER COLUMN user_type_id ADD GENERATED BY DEFAULT AS IDENTITY (
    SEQUENCE NAME rmo.accounts_usertype_user_type_id_seq
    START WITH 1
    INCREMENT BY 1
    NO MINVALUE
    NO MAXVALUE
    CACHE 1
);


--
-- Name: activities_activity; Type: TABLE; Schema: rmo; Owner: admin
--

CREATE TABLE rmo.activities_activity (
    title character varying(255) NOT NULL,
    description text NOT NULL,
    scheduled_date date,
    created_at timestamp with time zone NOT NULL,
    activity_id integer NOT NULL,
    end_time time without time zone,
    start_time time without time zone,
    venue character varying(255)
);


ALTER TABLE rmo.activities_activity OWNER TO admin;

--
-- Name: activities_activity_activity_id_seq; Type: SEQUENCE; Schema: rmo; Owner: admin
--

ALTER TABLE rmo.activities_activity ALTER COLUMN activity_id ADD GENERATED BY DEFAULT AS IDENTITY (
    SEQUENCE NAME rmo.activities_activity_activity_id_seq
    START WITH 1
    INCREMENT BY 1
    NO MINVALUE
    NO MAXVALUE
    CACHE 1
);


--
-- Name: activities_activityphoto; Type: TABLE; Schema: rmo; Owner: admin
--

CREATE TABLE rmo.activities_activityphoto (
    image character varying(100) NOT NULL,
    is_cover boolean NOT NULL,
    activity_id bigint NOT NULL,
    activity_photo_id integer NOT NULL
);


ALTER TABLE rmo.activities_activityphoto OWNER TO admin;

--
-- Name: activities_activityphoto_activity_photo_id_seq; Type: SEQUENCE; Schema: rmo; Owner: admin
--

ALTER TABLE rmo.activities_activityphoto ALTER COLUMN activity_photo_id ADD GENERATED BY DEFAULT AS IDENTITY (
    SEQUENCE NAME rmo.activities_activityphoto_activity_photo_id_seq
    START WITH 1
    INCREMENT BY 1
    NO MINVALUE
    NO MAXVALUE
    CACHE 1
);


--
-- Name: announcements_announcement; Type: TABLE; Schema: rmo; Owner: admin
--

CREATE TABLE rmo.announcements_announcement (
    announcement_id integer NOT NULL,
    title character varying(255) NOT NULL,
    short_description text NOT NULL,
    description text NOT NULL,
    date_posted timestamp with time zone NOT NULL,
    is_pinned boolean NOT NULL
);


ALTER TABLE rmo.announcements_announcement OWNER TO admin;

--
-- Name: announcements_announcement_announcement_id_seq; Type: SEQUENCE; Schema: rmo; Owner: admin
--

ALTER TABLE rmo.announcements_announcement ALTER COLUMN announcement_id ADD GENERATED BY DEFAULT AS IDENTITY (
    SEQUENCE NAME rmo.announcements_announcement_announcement_id_seq
    START WITH 1
    INCREMENT BY 1
    NO MINVALUE
    NO MAXVALUE
    CACHE 1
);


--
-- Name: announcements_announcementphoto; Type: TABLE; Schema: rmo; Owner: admin
--

CREATE TABLE rmo.announcements_announcementphoto (
    announcement_photo_id integer NOT NULL,
    image character varying(100) NOT NULL,
    is_cover boolean NOT NULL,
    announcement_id_id integer NOT NULL
);


ALTER TABLE rmo.announcements_announcementphoto OWNER TO admin;

--
-- Name: announcements_announcementphoto_announcement_photo_id_seq; Type: SEQUENCE; Schema: rmo; Owner: admin
--

ALTER TABLE rmo.announcements_announcementphoto ALTER COLUMN announcement_photo_id ADD GENERATED BY DEFAULT AS IDENTITY (
    SEQUENCE NAME rmo.announcements_announcementphoto_announcement_photo_id_seq
    START WITH 1
    INCREMENT BY 1
    NO MINVALUE
    NO MAXVALUE
    CACHE 1
);


--
-- Name: articles_articlefiles; Type: TABLE; Schema: rmo; Owner: admin
--

CREATE TABLE rmo.articles_articlefiles (
    article_file_id integer NOT NULL,
    pdf_path character varying(100) NOT NULL,
    article_id integer NOT NULL
);


ALTER TABLE rmo.articles_articlefiles OWNER TO admin;

--
-- Name: articles_articlefiles_article_file_id_seq; Type: SEQUENCE; Schema: rmo; Owner: admin
--

ALTER TABLE rmo.articles_articlefiles ALTER COLUMN article_file_id ADD GENERATED BY DEFAULT AS IDENTITY (
    SEQUENCE NAME rmo.articles_articlefiles_article_file_id_seq
    START WITH 1
    INCREMENT BY 1
    NO MINVALUE
    NO MAXVALUE
    CACHE 1
);


--
-- Name: articles_articles; Type: TABLE; Schema: rmo; Owner: admin
--

CREATE TABLE rmo.articles_articles (
    article_id integer NOT NULL,
    title character varying(600) NOT NULL,
    authors jsonb NOT NULL,
    abstract text NOT NULL,
    college_id integer,
    keywords jsonb NOT NULL,
    emails jsonb NOT NULL,
    status character varying(20)
);


ALTER TABLE rmo.articles_articles OWNER TO admin;

--
-- Name: articles_articles_article_id_seq; Type: SEQUENCE; Schema: rmo; Owner: admin
--

ALTER TABLE rmo.articles_articles ALTER COLUMN article_id ADD GENERATED BY DEFAULT AS IDENTITY (
    SEQUENCE NAME rmo.articles_articles_article_id_seq
    START WITH 1
    INCREMENT BY 1
    NO MINVALUE
    NO MAXVALUE
    CACHE 1
);


--
-- Name: auth_group; Type: TABLE; Schema: rmo; Owner: admin
--

CREATE TABLE rmo.auth_group (
    id integer NOT NULL,
    name character varying(150) NOT NULL
);


ALTER TABLE rmo.auth_group OWNER TO admin;

--
-- Name: auth_group_id_seq; Type: SEQUENCE; Schema: rmo; Owner: admin
--

ALTER TABLE rmo.auth_group ALTER COLUMN id ADD GENERATED BY DEFAULT AS IDENTITY (
    SEQUENCE NAME rmo.auth_group_id_seq
    START WITH 1
    INCREMENT BY 1
    NO MINVALUE
    NO MAXVALUE
    CACHE 1
);


--
-- Name: auth_group_permissions; Type: TABLE; Schema: rmo; Owner: admin
--

CREATE TABLE rmo.auth_group_permissions (
    id bigint NOT NULL,
    group_id integer NOT NULL,
    permission_id integer NOT NULL
);


ALTER TABLE rmo.auth_group_permissions OWNER TO admin;

--
-- Name: auth_group_permissions_id_seq; Type: SEQUENCE; Schema: rmo; Owner: admin
--

ALTER TABLE rmo.auth_group_permissions ALTER COLUMN id ADD GENERATED BY DEFAULT AS IDENTITY (
    SEQUENCE NAME rmo.auth_group_permissions_id_seq
    START WITH 1
    INCREMENT BY 1
    NO MINVALUE
    NO MAXVALUE
    CACHE 1
);


--
-- Name: auth_permission; Type: TABLE; Schema: rmo; Owner: admin
--

CREATE TABLE rmo.auth_permission (
    id integer NOT NULL,
    name character varying(255) NOT NULL,
    content_type_id integer NOT NULL,
    codename character varying(100) NOT NULL
);


ALTER TABLE rmo.auth_permission OWNER TO admin;

--
-- Name: auth_permission_id_seq; Type: SEQUENCE; Schema: rmo; Owner: admin
--

ALTER TABLE rmo.auth_permission ALTER COLUMN id ADD GENERATED BY DEFAULT AS IDENTITY (
    SEQUENCE NAME rmo.auth_permission_id_seq
    START WITH 1
    INCREMENT BY 1
    NO MINVALUE
    NO MAXVALUE
    CACHE 1
);


--
-- Name: auth_user; Type: TABLE; Schema: rmo; Owner: admin
--

CREATE TABLE rmo.auth_user (
    id integer NOT NULL,
    password character varying(128) NOT NULL,
    last_login timestamp with time zone,
    is_superuser boolean NOT NULL,
    username character varying(150) NOT NULL,
    first_name character varying(150) NOT NULL,
    last_name character varying(150) NOT NULL,
    email character varying(254) NOT NULL,
    is_staff boolean NOT NULL,
    is_active boolean NOT NULL,
    date_joined timestamp with time zone NOT NULL
);


ALTER TABLE rmo.auth_user OWNER TO admin;

--
-- Name: auth_user_groups; Type: TABLE; Schema: rmo; Owner: admin
--

CREATE TABLE rmo.auth_user_groups (
    id bigint NOT NULL,
    user_id integer NOT NULL,
    group_id integer NOT NULL
);


ALTER TABLE rmo.auth_user_groups OWNER TO admin;

--
-- Name: auth_user_groups_id_seq; Type: SEQUENCE; Schema: rmo; Owner: admin
--

ALTER TABLE rmo.auth_user_groups ALTER COLUMN id ADD GENERATED BY DEFAULT AS IDENTITY (
    SEQUENCE NAME rmo.auth_user_groups_id_seq
    START WITH 1
    INCREMENT BY 1
    NO MINVALUE
    NO MAXVALUE
    CACHE 1
);


--
-- Name: auth_user_id_seq; Type: SEQUENCE; Schema: rmo; Owner: admin
--

ALTER TABLE rmo.auth_user ALTER COLUMN id ADD GENERATED BY DEFAULT AS IDENTITY (
    SEQUENCE NAME rmo.auth_user_id_seq
    START WITH 1
    INCREMENT BY 1
    NO MINVALUE
    NO MAXVALUE
    CACHE 1
);


--
-- Name: auth_user_user_permissions; Type: TABLE; Schema: rmo; Owner: admin
--

CREATE TABLE rmo.auth_user_user_permissions (
    id bigint NOT NULL,
    user_id integer NOT NULL,
    permission_id integer NOT NULL
);


ALTER TABLE rmo.auth_user_user_permissions OWNER TO admin;

--
-- Name: auth_user_user_permissions_id_seq; Type: SEQUENCE; Schema: rmo; Owner: admin
--

ALTER TABLE rmo.auth_user_user_permissions ALTER COLUMN id ADD GENERATED BY DEFAULT AS IDENTITY (
    SEQUENCE NAME rmo.auth_user_user_permissions_id_seq
    START WITH 1
    INCREMENT BY 1
    NO MINVALUE
    NO MAXVALUE
    CACHE 1
);


--
-- Name: base_college; Type: TABLE; Schema: rmo; Owner: admin
--

CREATE TABLE rmo.base_college (
    college_id integer NOT NULL,
    name character varying(500) NOT NULL,
    code character varying(50) NOT NULL
);


ALTER TABLE rmo.base_college OWNER TO admin;

--
-- Name: base_college_college_id_seq; Type: SEQUENCE; Schema: rmo; Owner: admin
--

ALTER TABLE rmo.base_college ALTER COLUMN college_id ADD GENERATED BY DEFAULT AS IDENTITY (
    SEQUENCE NAME rmo.base_college_college_id_seq
    START WITH 1
    INCREMENT BY 1
    NO MINVALUE
    NO MAXVALUE
    CACHE 1
);


--
-- Name: base_collegeresearchagenda; Type: TABLE; Schema: rmo; Owner: admin
--

CREATE TABLE rmo.base_collegeresearchagenda (
    cra_id integer NOT NULL,
    name character varying(500) NOT NULL,
    description character varying(1500) NOT NULL,
    college_id_id integer
);


ALTER TABLE rmo.base_collegeresearchagenda OWNER TO admin;

--
-- Name: base_collegeresearchagenda_cra_id_seq; Type: SEQUENCE; Schema: rmo; Owner: admin
--

ALTER TABLE rmo.base_collegeresearchagenda ALTER COLUMN cra_id ADD GENERATED BY DEFAULT AS IDENTITY (
    SEQUENCE NAME rmo.base_collegeresearchagenda_cra_id_seq
    START WITH 1
    INCREMENT BY 1
    NO MINVALUE
    NO MAXVALUE
    CACHE 1
);


--
-- Name: base_course; Type: TABLE; Schema: rmo; Owner: admin
--

CREATE TABLE rmo.base_course (
    course_id integer NOT NULL,
    name character varying(500) NOT NULL,
    code character varying(50) NOT NULL,
    college_id_id integer NOT NULL
);


ALTER TABLE rmo.base_course OWNER TO admin;

--
-- Name: base_course_course_id_seq; Type: SEQUENCE; Schema: rmo; Owner: admin
--

ALTER TABLE rmo.base_course ALTER COLUMN course_id ADD GENERATED BY DEFAULT AS IDENTITY (
    SEQUENCE NAME rmo.base_course_course_id_seq
    START WITH 1
    INCREMENT BY 1
    NO MINVALUE
    NO MAXVALUE
    CACHE 1
);


--
-- Name: base_facultyusertype; Type: TABLE; Schema: rmo; Owner: admin
--

CREATE TABLE rmo.base_facultyusertype (
    faculty_type_id integer NOT NULL,
    name character varying(255) NOT NULL
);


ALTER TABLE rmo.base_facultyusertype OWNER TO admin;

--
-- Name: base_facultyusertype_faculty_type_id_seq; Type: SEQUENCE; Schema: rmo; Owner: admin
--

ALTER TABLE rmo.base_facultyusertype ALTER COLUMN faculty_type_id ADD GENERATED BY DEFAULT AS IDENTITY (
    SEQUENCE NAME rmo.base_facultyusertype_faculty_type_id_seq
    START WITH 1
    INCREMENT BY 1
    NO MINVALUE
    NO MAXVALUE
    CACHE 1
);


--
-- Name: base_thesistitle; Type: TABLE; Schema: rmo; Owner: admin
--

CREATE TABLE rmo.base_thesistitle (
    thesis_title_id integer NOT NULL,
    thesis_title character varying(800) NOT NULL,
    college_id_id integer NOT NULL
);


ALTER TABLE rmo.base_thesistitle OWNER TO admin;

--
-- Name: base_thesistitle_thesis_title_id_seq; Type: SEQUENCE; Schema: rmo; Owner: admin
--

ALTER TABLE rmo.base_thesistitle ALTER COLUMN thesis_title_id ADD GENERATED BY DEFAULT AS IDENTITY (
    SEQUENCE NAME rmo.base_thesistitle_thesis_title_id_seq
    START WITH 1
    INCREMENT BY 1
    NO MINVALUE
    NO MAXVALUE
    CACHE 1
);


--
-- Name: django_admin_log; Type: TABLE; Schema: rmo; Owner: admin
--

CREATE TABLE rmo.django_admin_log (
    id integer NOT NULL,
    action_time timestamp with time zone NOT NULL,
    object_id text,
    object_repr character varying(200) NOT NULL,
    action_flag smallint NOT NULL,
    change_message text NOT NULL,
    content_type_id integer,
    user_id integer NOT NULL,
    CONSTRAINT django_admin_log_action_flag_check CHECK ((action_flag >= 0))
);


ALTER TABLE rmo.django_admin_log OWNER TO admin;

--
-- Name: django_admin_log_id_seq; Type: SEQUENCE; Schema: rmo; Owner: admin
--

ALTER TABLE rmo.django_admin_log ALTER COLUMN id ADD GENERATED BY DEFAULT AS IDENTITY (
    SEQUENCE NAME rmo.django_admin_log_id_seq
    START WITH 1
    INCREMENT BY 1
    NO MINVALUE
    NO MAXVALUE
    CACHE 1
);


--
-- Name: django_content_type; Type: TABLE; Schema: rmo; Owner: admin
--

CREATE TABLE rmo.django_content_type (
    id integer NOT NULL,
    app_label character varying(100) NOT NULL,
    model character varying(100) NOT NULL
);


ALTER TABLE rmo.django_content_type OWNER TO admin;

--
-- Name: django_content_type_id_seq; Type: SEQUENCE; Schema: rmo; Owner: admin
--

ALTER TABLE rmo.django_content_type ALTER COLUMN id ADD GENERATED BY DEFAULT AS IDENTITY (
    SEQUENCE NAME rmo.django_content_type_id_seq
    START WITH 1
    INCREMENT BY 1
    NO MINVALUE
    NO MAXVALUE
    CACHE 1
);


--
-- Name: django_migrations; Type: TABLE; Schema: rmo; Owner: admin
--

CREATE TABLE rmo.django_migrations (
    id bigint NOT NULL,
    app character varying(255) NOT NULL,
    name character varying(255) NOT NULL,
    applied timestamp with time zone NOT NULL
);


ALTER TABLE rmo.django_migrations OWNER TO admin;

--
-- Name: django_migrations_id_seq; Type: SEQUENCE; Schema: rmo; Owner: admin
--

ALTER TABLE rmo.django_migrations ALTER COLUMN id ADD GENERATED BY DEFAULT AS IDENTITY (
    SEQUENCE NAME rmo.django_migrations_id_seq
    START WITH 1
    INCREMENT BY 1
    NO MINVALUE
    NO MAXVALUE
    CACHE 1
);


--
-- Name: django_session; Type: TABLE; Schema: rmo; Owner: admin
--

CREATE TABLE rmo.django_session (
    session_key character varying(40) NOT NULL,
    session_data text NOT NULL,
    expire_date timestamp with time zone NOT NULL
);


ALTER TABLE rmo.django_session OWNER TO admin;

--
-- Name: forms_evaluationcriteria; Type: TABLE; Schema: rmo; Owner: admin
--

CREATE TABLE rmo.forms_evaluationcriteria (
    eval_id integer NOT NULL,
    presentation integer NOT NULL,
    content integer NOT NULL,
    organization integer NOT NULL,
    mastery integer NOT NULL,
    remarks character varying(2500) NOT NULL,
    "evaluatorName" character varying(500) NOT NULL
);


ALTER TABLE rmo.forms_evaluationcriteria OWNER TO admin;

--
-- Name: forms_evaluationcriteria_eval_id_seq; Type: SEQUENCE; Schema: rmo; Owner: admin
--

ALTER TABLE rmo.forms_evaluationcriteria ALTER COLUMN eval_id ADD GENERATED BY DEFAULT AS IDENTITY (
    SEQUENCE NAME rmo.forms_evaluationcriteria_eval_id_seq
    START WITH 1
    INCREMENT BY 1
    NO MINVALUE
    NO MAXVALUE
    CACHE 1
);


--
-- Name: forms_form; Type: TABLE; Schema: rmo; Owner: admin
--

CREATE TABLE rmo.forms_form (
    form_id integer NOT NULL,
    date_created date NOT NULL,
    college_id_id integer NOT NULL,
    cra_id_id integer NOT NULL,
    eval_id_id integer NOT NULL,
    ira_id_id integer NOT NULL,
    student_account_id_id integer NOT NULL,
    form_approval_id_id integer NOT NULL,
    form_clearance_id_id integer NOT NULL,
    form_panel_id_id integer NOT NULL,
    form_schedule_id_id integer NOT NULL,
    form_type_id_id integer NOT NULL
);


ALTER TABLE rmo.forms_form OWNER TO admin;

--
-- Name: forms_form_form_id_seq; Type: SEQUENCE; Schema: rmo; Owner: admin
--

ALTER TABLE rmo.forms_form ALTER COLUMN form_id ADD GENERATED BY DEFAULT AS IDENTITY (
    SEQUENCE NAME rmo.forms_form_form_id_seq
    START WITH 1
    INCREMENT BY 1
    NO MINVALUE
    NO MAXVALUE
    CACHE 1
);


--
-- Name: forms_formapproval; Type: TABLE; Schema: rmo; Owner: admin
--

CREATE TABLE rmo.forms_formapproval (
    form_approval_id integer NOT NULL,
    role character varying(255) NOT NULL,
    status character varying(255) NOT NULL,
    date date NOT NULL,
    account_id_id integer NOT NULL
);


ALTER TABLE rmo.forms_formapproval OWNER TO admin;

--
-- Name: forms_formapproval_form_approval_id_seq; Type: SEQUENCE; Schema: rmo; Owner: admin
--

ALTER TABLE rmo.forms_formapproval ALTER COLUMN form_approval_id ADD GENERATED BY DEFAULT AS IDENTITY (
    SEQUENCE NAME rmo.forms_formapproval_form_approval_id_seq
    START WITH 1
    INCREMENT BY 1
    NO MINVALUE
    NO MAXVALUE
    CACHE 1
);


--
-- Name: forms_formclearance; Type: TABLE; Schema: rmo; Owner: admin
--

CREATE TABLE rmo.forms_formclearance (
    form_clearance_id integer NOT NULL,
    semester_completed character varying(255) NOT NULL,
    year_completed character varying(255) NOT NULL,
    date_of_article_submission date NOT NULL,
    article_code_num date NOT NULL
);


ALTER TABLE rmo.forms_formclearance OWNER TO admin;

--
-- Name: forms_formclearance_form_clearance_id_seq; Type: SEQUENCE; Schema: rmo; Owner: admin
--

ALTER TABLE rmo.forms_formclearance ALTER COLUMN form_clearance_id ADD GENERATED BY DEFAULT AS IDENTITY (
    SEQUENCE NAME rmo.forms_formclearance_form_clearance_id_seq
    START WITH 1
    INCREMENT BY 1
    NO MINVALUE
    NO MAXVALUE
    CACHE 1
);


--
-- Name: forms_formpanel; Type: TABLE; Schema: rmo; Owner: admin
--

CREATE TABLE rmo.forms_formpanel (
    form_panel_id integer NOT NULL,
    status character varying(500) NOT NULL,
    date date NOT NULL,
    account_id_id integer NOT NULL
);


ALTER TABLE rmo.forms_formpanel OWNER TO admin;

--
-- Name: forms_formpanel_form_panel_id_seq; Type: SEQUENCE; Schema: rmo; Owner: admin
--

ALTER TABLE rmo.forms_formpanel ALTER COLUMN form_panel_id ADD GENERATED BY DEFAULT AS IDENTITY (
    SEQUENCE NAME rmo.forms_formpanel_form_panel_id_seq
    START WITH 1
    INCREMENT BY 1
    NO MINVALUE
    NO MAXVALUE
    CACHE 1
);


--
-- Name: forms_formschedule; Type: TABLE; Schema: rmo; Owner: admin
--

CREATE TABLE rmo.forms_formschedule (
    form_schedule_id integer NOT NULL,
    proposal_date date NOT NULL,
    proposal_time time without time zone NOT NULL,
    proposal_place character varying(1000) NOT NULL,
    final_defense_date date NOT NULL,
    final_defense_time time without time zone NOT NULL,
    final_defense_place character varying(1000) NOT NULL,
    date_reviewed_by_chairman date NOT NULL,
    date_of_data_gathering date NOT NULL,
    place_of_data_gathering character varying(1000) NOT NULL
);


ALTER TABLE rmo.forms_formschedule OWNER TO admin;

--
-- Name: forms_formschedule_form_schedule_id_seq; Type: SEQUENCE; Schema: rmo; Owner: admin
--

ALTER TABLE rmo.forms_formschedule ALTER COLUMN form_schedule_id ADD GENERATED BY DEFAULT AS IDENTITY (
    SEQUENCE NAME rmo.forms_formschedule_form_schedule_id_seq
    START WITH 1
    INCREMENT BY 1
    NO MINVALUE
    NO MAXVALUE
    CACHE 1
);


--
-- Name: forms_formtype; Type: TABLE; Schema: rmo; Owner: admin
--

CREATE TABLE rmo.forms_formtype (
    form_type_id integer NOT NULL,
    "formName" character varying(500) NOT NULL,
    "formDescription" character varying(1500) NOT NULL
);


ALTER TABLE rmo.forms_formtype OWNER TO admin;

--
-- Name: forms_formtype_form_type_id_seq; Type: SEQUENCE; Schema: rmo; Owner: admin
--

ALTER TABLE rmo.forms_formtype ALTER COLUMN form_type_id ADD GENERATED BY DEFAULT AS IDENTITY (
    SEQUENCE NAME rmo.forms_formtype_form_type_id_seq
    START WITH 1
    INCREMENT BY 1
    NO MINVALUE
    NO MAXVALUE
    CACHE 1
);


--
-- Name: forms_proponent; Type: TABLE; Schema: rmo; Owner: admin
--

CREATE TABLE rmo.forms_proponent (
    proponent_id integer NOT NULL,
    proposal_receipt_num character varying(500) NOT NULL,
    defense_receipt_num character varying(500) NOT NULL,
    account_id_id integer NOT NULL,
    form_id_id integer NOT NULL,
    thesis_title_id_id integer NOT NULL
);


ALTER TABLE rmo.forms_proponent OWNER TO admin;

--
-- Name: forms_proponent_proponent_id_seq; Type: SEQUENCE; Schema: rmo; Owner: admin
--

ALTER TABLE rmo.forms_proponent ALTER COLUMN proponent_id ADD GENERATED BY DEFAULT AS IDENTITY (
    SEQUENCE NAME rmo.forms_proponent_proponent_id_seq
    START WITH 1
    INCREMENT BY 1
    NO MINVALUE
    NO MAXVALUE
    CACHE 1
);


--
-- Name: forms_proposedtitle; Type: TABLE; Schema: rmo; Owner: admin
--

CREATE TABLE rmo.forms_proposedtitle (
    proposed_title_id integer NOT NULL,
    status character varying(500) NOT NULL,
    college_id_id integer NOT NULL,
    form_id_id integer NOT NULL
);


ALTER TABLE rmo.forms_proposedtitle OWNER TO admin;

--
-- Name: forms_proposedtitle_proposed_title_id_seq; Type: SEQUENCE; Schema: rmo; Owner: admin
--

ALTER TABLE rmo.forms_proposedtitle ALTER COLUMN proposed_title_id ADD GENERATED BY DEFAULT AS IDENTITY (
    SEQUENCE NAME rmo.forms_proposedtitle_proposed_title_id_seq
    START WITH 1
    INCREMENT BY 1
    NO MINVALUE
    NO MAXVALUE
    CACHE 1
);


--
-- Name: institutionalResearchAgenda_institutionalresearchagenda; Type: TABLE; Schema: rmo; Owner: admin
--

CREATE TABLE rmo."institutionalResearchAgenda_institutionalresearchagenda" (
    ira_id integer NOT NULL,
    title character varying(500) NOT NULL,
    cover_image character varying(100),
    rationale text NOT NULL,
    role_of_rmo text NOT NULL,
    objectives text NOT NULL,
    update_process text NOT NULL,
    framework_description text NOT NULL,
    date_covered character varying(50) NOT NULL,
    created_at timestamp with time zone NOT NULL
);


ALTER TABLE rmo."institutionalResearchAgenda_institutionalresearchagenda" OWNER TO admin;

--
-- Name: institutionalResearchAgenda_institutionalresearchage_ira_id_seq; Type: SEQUENCE; Schema: rmo; Owner: admin
--

ALTER TABLE rmo."institutionalResearchAgenda_institutionalresearchagenda" ALTER COLUMN ira_id ADD GENERATED BY DEFAULT AS IDENTITY (
    SEQUENCE NAME rmo."institutionalResearchAgenda_institutionalresearchage_ira_id_seq"
    START WITH 1
    INCREMENT BY 1
    NO MINVALUE
    NO MAXVALUE
    CACHE 1
);


--
-- Name: institutionalResearchAgenda_keyresearcharea; Type: TABLE; Schema: rmo; Owner: admin
--

CREATE TABLE rmo."institutionalResearchAgenda_keyresearcharea" (
    id bigint NOT NULL,
    title character varying(500) NOT NULL,
    description text,
    ira_id integer NOT NULL
);


ALTER TABLE rmo."institutionalResearchAgenda_keyresearcharea" OWNER TO admin;

--
-- Name: institutionalResearchAgenda_keyresearcharea_id_seq; Type: SEQUENCE; Schema: rmo; Owner: admin
--

ALTER TABLE rmo."institutionalResearchAgenda_keyresearcharea" ALTER COLUMN id ADD GENERATED BY DEFAULT AS IDENTITY (
    SEQUENCE NAME rmo."institutionalResearchAgenda_keyresearcharea_id_seq"
    START WITH 1
    INCREMENT BY 1
    NO MINVALUE
    NO MAXVALUE
    CACHE 1
);


--
-- Name: institutionalResearchAgenda_prioritytopic; Type: TABLE; Schema: rmo; Owner: admin
--

CREATE TABLE rmo."institutionalResearchAgenda_prioritytopic" (
    id bigint NOT NULL,
    title character varying(1000) NOT NULL,
    details text,
    theme_id bigint NOT NULL
);


ALTER TABLE rmo."institutionalResearchAgenda_prioritytopic" OWNER TO admin;

--
-- Name: institutionalResearchAgenda_prioritytopic_id_seq; Type: SEQUENCE; Schema: rmo; Owner: admin
--

ALTER TABLE rmo."institutionalResearchAgenda_prioritytopic" ALTER COLUMN id ADD GENERATED BY DEFAULT AS IDENTITY (
    SEQUENCE NAME rmo."institutionalResearchAgenda_prioritytopic_id_seq"
    START WITH 1
    INCREMENT BY 1
    NO MINVALUE
    NO MAXVALUE
    CACHE 1
);


--
-- Name: institutionalResearchAgenda_researchtheme; Type: TABLE; Schema: rmo; Owner: admin
--

CREATE TABLE rmo."institutionalResearchAgenda_researchtheme" (
    id bigint NOT NULL,
    title character varying(500) NOT NULL,
    description text,
    key_area_id bigint NOT NULL
);


ALTER TABLE rmo."institutionalResearchAgenda_researchtheme" OWNER TO admin;

--
-- Name: institutionalResearchAgenda_researchtheme_id_seq; Type: SEQUENCE; Schema: rmo; Owner: admin
--

ALTER TABLE rmo."institutionalResearchAgenda_researchtheme" ALTER COLUMN id ADD GENERATED BY DEFAULT AS IDENTITY (
    SEQUENCE NAME rmo."institutionalResearchAgenda_researchtheme_id_seq"
    START WITH 1
    INCREMENT BY 1
    NO MINVALUE
    NO MAXVALUE
    CACHE 1
);


--
-- Name: resources_resource; Type: TABLE; Schema: rmo; Owner: admin
--

CREATE TABLE rmo.resources_resource (
    resource_id integer NOT NULL,
    file character varying(100) NOT NULL,
    size bigint NOT NULL,
    subject character varying(255),
    title character varying(255)
);


ALTER TABLE rmo.resources_resource OWNER TO admin;

--
-- Name: resources_resource_resource_id_seq; Type: SEQUENCE; Schema: rmo; Owner: admin
--

ALTER TABLE rmo.resources_resource ALTER COLUMN resource_id ADD GENERATED BY DEFAULT AS IDENTITY (
    SEQUENCE NAME rmo.resources_resource_resource_id_seq
    START WITH 1
    INCREMENT BY 1
    NO MINVALUE
    NO MAXVALUE
    CACHE 1
);


--
-- Data for Name: accounts_account; Type: TABLE DATA; Schema: rmo; Owner: admin
--

COPY rmo.accounts_account (account_id, college_id_id, course_id_id, user_id_id, user_type_id_id) FROM stdin;
1	\N	\N	2	5
\.


--
-- Data for Name: accounts_usertype; Type: TABLE DATA; Schema: rmo; Owner: admin
--

COPY rmo.accounts_usertype (user_type_id, name, faculty_type_id) FROM stdin;
1	Student	\N
2	Panel	1
3	Adviser	1
4	Dean	1
5	Research Staff	2
6	Research Management Coordinator	2
7	Vice President - Academic Affairs	1
8	Chairman - Research Ethics Review Committee	2
\.


--
-- Data for Name: activities_activity; Type: TABLE DATA; Schema: rmo; Owner: admin
--

COPY rmo.activities_activity (title, description, scheduled_date, created_at, activity_id, end_time, start_time, venue) FROM stdin;
Patent Drafting Essentials	Empowering Innovation and Protecting Creativity: Strengthening Intellectual Property Culture Through Patent and Trademark Education	2025-08-07	2025-07-30 07:13:54.113391+00	1	17:00:00	08:00:00	Conference Hall
\.


--
-- Data for Name: activities_activityphoto; Type: TABLE DATA; Schema: rmo; Owner: admin
--

COPY rmo.activities_activityphoto (image, is_cover, activity_id, activity_photo_id) FROM stdin;
activities/521809640_1113169204047800_4683361071270819008_n.png	t	1	1
\.


--
-- Data for Name: announcements_announcement; Type: TABLE DATA; Schema: rmo; Owner: admin
--

COPY rmo.announcements_announcement (announcement_id, title, short_description, description, date_posted, is_pinned) FROM stdin;
2	SMC-II Triumphs at RVMC-EMC Research Congress 2025!	The Research Management Office, in collaboration with the VP for Academic Affairs, proudly congratulates SMC-II for a successful research defense at the RVMC-EMC Research Congress 2025. Heartfelt thanks to UIC Davao and RVM-EMC for championing research excellence across various fields.	The Research Management Office (RMO), in coordination with the Vice President for Academic Affairs, proudly congratulates SMC-II for successfully defending their research at the RVMC-EMC Research Congress 2025! 🎉👏\r\nWe extend our heartfelt gratitude to the University of the Immaculate Conception (UIC), Bonifacio Campus, Davao City, and the Religious of the Virgin Mary-Education Ministry Commission (RVM-EMC) for providing a platform to showcase outstanding research in Education, Health, Social Sciences, Business, and Engineering & Technology. 📚📝⚕️✨\r\nThis achievement reflects the dedication and excellence of our researchers. Thank you for your unwavering support in advancing knowledge and innovation! 💙	2025-07-30 06:49:37.744719+00	f
3	📢 SUCCESSFUL RESEARCH CAPABILITY TRAINING PROGRAM 📢	St. Michael’s College Graduate School successfully held its Research Capability Training Program on March 22, 2025, at the SMCII Auditorium. Organized by the Research Management Office and the VP for Academic Affairs, the event aimed to strengthen graduate students' research skills. Sincere thanks to all who contributed to this meaningful academic initiative.	St. Michael’s College Graduate School is pleased to announce the successful conduct of the Research Capability Training Program held on March 22, 2025, at the SMCII Auditorium.\r\nThis significant academic initiative was facilitated by the Research Management Office in coordination with the Office of the Vice President of Academic Affairs. The program aimed to enhance the research competencies of graduate students, equipping them with essential knowledge and skills to contribute meaningfully to academic and professional research.\r\nWe extend our sincere gratitude to all participants, facilitators, and organizers for their dedication and commitment to advancing research excellence. Your active engagement and enthusiasm played a crucial role in the success of this event.\r\nWe look forward to more opportunities to foster a culture of research and innovation at St. Michael’s College of Iligan, Inc. 	2025-07-30 07:24:37.280961+00	f
4	Successful MOU Signing: Strengthening Academic Collaboration! 🤝📜	St. Michael’s College of Iligan, Inc. and Camiguin Polytechnic State College have officially signed a Memorandum of Understanding to strengthen academic collaboration, research development, and faculty exchange. This partnership reflects a shared commitment to advancing higher education through meaningful cooperation and innovation.	We are proud to announce the successful signing of the Memorandum of Understanding (MOU) between St. Michael’s College of Iligan, Inc. (SMCII) and Camiguin Polytechnic State College. \r\nThis partnership marks a significant milestone in advancing academic collaboration, research development, and faculty exchange, reinforcing our shared commitment to excellence in higher education. Under the leadership of the SMCII School President, the Vice President for Academic Affairs, the Research Management Office, and the President of Camiguin Polytechnic State College, this MOU paves the way for innovative initiatives and meaningful cooperation between the two institutions.\r\nWe extend our gratitude to everyone who contributed to this successful collaboration. Together, we move forward in strengthening research, faculty development, and academic opportunities for our students and educators!	2025-07-30 07:30:33.903819+00	f
5	✨ Strengthening Global Ties Through Research and Academic Collaboration! ✨	On April 14, 2025, St. Michael’s College of Iligan signed MOUs with ANPOR, AMSAR, and St. Paul University Manila – Graduate School. These partnerships aim to boost research innovation, academic collaboration, and global opportunities for students and faculty, reinforcing SMCII’s commitment to excellence and meaningful engagement.	On April 14, 2025, St. Michael’s College of Iligan proudly reached a new milestone as it officially signed three Memoranda of Understanding (MOU) with respected institutions in the field of research and education:\r\n🤝 Asian Network for Public Opinion Research (ANPOR), represented by Dr. Jantima Kheokao\r\n🤝 Asian Media and Communication Research Centre (AMSAR), represented by Dr. Oradol Kaewprasert\r\n🤝 St. Paul University Manila – Graduate School, represented by Dr. Bryan Bantugan\r\nThese collaborations aim to promote research innovation, faculty and student exchanges, joint academic projects, and capacity-building initiatives that elevate educational standards and open global opportunities. \r\nAs SMCII continues its mission guided by faith, excellence, and service, these MOUs mark a step forward in building meaningful partnerships that enrich the academic landscape and empower future leaders.\r\n🌍 Together, we move forward — globally connected, academically driven.	2025-07-30 07:34:33.657986+00	f
6	🌲✨ Research Camp 2025: A Resounding Success! ✨🌲	Research Camp 2025, held on June 22–24 at Dahilayan Forest Park, united faculty and researchers from Lourdes College, Christ the King College, and St. Michael’s College in a three-day journey of collaboration, mentorship, and academic growth—fostering a stronger research culture across institutions.	The recently concluded Research Camp 2025, held last June 22–24, 2025 at the scenic Dahilayan Forest Park in Bukidnon, was a meaningful and memorable event that brought together researchers and faculty in a unique blend of learning, collaboration, and nature. This three-day academic adventure served as a platform for knowledge sharing, research mentoring, and team-building activities that strengthened the research culture among participating institutions.\r\nThe camp was proudly participated in by:\r\n🎓 Lourdes College\r\n🎓 Christ the King College of Gingoog\r\n🎓 St. Michael’s College – Basic Education Department\r\n🎓 St. Michael’s College – Higher Education Department\r\nWe extend our deepest gratitude to the people who made this event possible through their strong leadership and support—S. Ma. Rodina M. Bongoc, RVM, School President; Dr. Ritzcen A. Durango, Vice President for Academic Affairs; and Dr. Korsiney N. Cabasis, Vice President for Administration. Your dedication to academic excellence and innovation continues to inspire and empower our future researchers.\r\nTogether, we move forward in shaping curious minds, fostering collaboration, and building a future led by research and discovery. 	2025-07-30 07:39:05.259561+00	f
7	Research Orientation Equips Students with Tools for Ethical and Quality Research	On July 14, 2025, SMCII’s Research Management Office conducted a research orientation focused on protocols, processes, and ethics—empowering students with the foundation for credible and high-quality research.	On July 14, 2025, the Research Management Office of St. Michael’s College of Iligan Inc. held a successful research orientation exclusively for students at the SMCII Auditorium. The event highlighted essential topics such as research protocols, processes, instrument validation, and ethics, equipping students with practical knowledge for conducting quality research.\r\nAs emphasized during the orientation, “Successful research is grounded in strong protocols, clear processes, and unwavering commitment to ethics.” The program reinforced the importance of upholding these standards to ensure credibility and integrity in student research.	2025-07-30 07:43:53.679324+00	f
8	SMCII Conducts Benchmarking Visit at USTP Cagayan de Oro	St. Michael’s College of Iligan extends sincere thanks to USTP Cagayan de Oro for warmly accommodating its benchmarking visit. The exchange of best practices in IP policy, patent application, and innovation management significantly enriched SMCII’s efforts in strengthening research and institutional systems.	On behalf of St. Michael’s College of Iligan, Inc., we sincerely express our heartfelt gratitude for graciously accommodating our benchmarking visit to your esteemed office at the University of Science and Technology of Southern Philippines (USTP) in Cagayan de Oro City.\r\nWe are truly grateful for the opportunity to learn from your office’s best practices in patent applications,  intellectual property policy implementation, research commercialization, innovation management, and institutional IP systems. Your team’s generosity in sharing valuable insights and expertise has greatly contributed to enriching our understanding as we work towards strengthening our own institutional processes.\r\nThank you once again for your warm hospitality, time, and support. We look forward to nurturing continuous collaboration with your office as we pursue shared goals in research management and intellectual property development.	2025-07-30 07:47:55.816072+00	f
9	SMCII Strengthens Ties with UTCC Through MOU Signing	St. Michael’s College of Iligan extends heartfelt thanks to the University of the Thai Chamber of Commerce for the warm welcome and successful MOU signing. This partnership marks a meaningful step toward academic collaboration, with special gratitude to Dr. Cabasis, Dr. Oradol Kaewprasert, Dr. Jantima Kheokao, and the UTCC academic leaders for their support and generosity.	We sincerely thank Dr. Cabasis for representing St. Michael’s College of Iligan Inc. (SMCII) in the signing of the Memorandum of Understanding (MOU) for both the institutional partnership and the Graduate School. We are also deeply grateful to Assistant Professor Luckhana Saothayanun, Senior Vice President for Academic and Research at the University of the Thai Chamber of Commerce (UTCC), and to Dr. Pitchpatu Waiyachote, Acting Dean of the School of Communication Arts at UTCC, for their warm welcome and support. Most especially, we thank Dr. Oradol Kaewprasert for her invaluable assistance and coordination throughout this meaningful partnership. Our heartfelt appreciation also goes to Dr. Jantima Kheokao for the thoughtful present, which we truly cherish. This milestone is humbly offered in honor of Mother Ignacia, whose spirit of compassion and dedication to education continues to inspire our mission. We look forward to strengthening this collaboration and building more opportunities for growth between our institutions	2025-07-30 07:55:06.446822+00	f
\.


--
-- Data for Name: announcements_announcementphoto; Type: TABLE DATA; Schema: rmo; Owner: admin
--

COPY rmo.announcements_announcementphoto (announcement_photo_id, image, is_cover, announcement_id_id) FROM stdin;
3	announcements/491018487_1073387451479968_8551622732281842352_n.jpg	t	2
4	announcements/491083742_1073389934813053_1166426109768182725_n.jpg	f	2
5	announcements/492102867_1073388521479861_1946254229070070373_n.jpg	f	2
6	announcements/492411321_1077405024411544_6142044422533582612_n.jpg	t	3
7	announcements/492439677_1077401284411918_9160440156480241592_n.jpg	f	3
8	announcements/1.jpg	t	4
9	announcements/11.jpg	f	4
10	announcements/111.jpg	f	4
11	announcements/22.jpg	t	5
12	announcements/2.jpg	f	5
13	announcements/222.jpg	f	5
14	announcements/2222.jpg	f	5
15	announcements/22222.jpg	f	5
16	announcements/222222.jpg	f	5
17	announcements/22222222.jpg	f	5
18	announcements/3333.jpg	t	6
19	announcements/3.jpg	f	6
20	announcements/33.jpg	f	6
21	announcements/333.jpg	f	6
22	announcements/33333.jpg	f	6
23	announcements/3333333.jpg	f	6
24	announcements/33333333.jpg	f	6
25	announcements/4.jpg	t	7
26	announcements/44.jpg	f	7
27	announcements/6.jpg	t	8
28	announcements/66.jpg	f	8
29	announcements/666.jpg	f	8
30	announcements/6666.jpg	f	8
31	announcements/66666.jpg	f	8
32	announcements/666666.jpg	f	8
33	announcements/6666666.jpg	f	8
34	announcements/777.jpg	t	9
35	announcements/7777.jpg	f	9
36	announcements/77.jpg	f	9
37	announcements/77777.jpg	f	9
\.


--
-- Data for Name: articles_articlefiles; Type: TABLE DATA; Schema: rmo; Owner: admin
--

COPY rmo.articles_articlefiles (article_file_id, pdf_path, article_id) FROM stdin;
1	articles/CAS_-_Angelika_Julie_M._Pujadas.pdf	1
\.


--
-- Data for Name: articles_articles; Type: TABLE DATA; Schema: rmo; Owner: admin
--

COPY rmo.articles_articles (article_id, title, authors, abstract, college_id, keywords, emails, status) FROM stdin;
1	Impostor Syndrome Paradox: Exploring the Link between Academic Productivity and Personal Effectiveness Among High Achiever Students	["Angelika Julie M. Pujadas", "Rea Grace T. Yosores"]	High-achiever students often grapple with an internal struggle, questioning their accomplishments and fearing that their success is unearned, despite evidence to the contrary. This study examined the relationship between impostor syndrome, academic productivity, and personal effectiveness among high-achiever students at St. Michael's College. A correlational research design was employed, utilizing standardized questionnaires distributed to 130 students selected based on specific criteria. The findings revealed a statistically significant negative correlation between avoidance behavior and academic productivity, indicating its detrimental impact, whereas over-preparation and perfectionism had minimal effects. Additionally, over-preparation and perfectionism showed statistically significant positive correlations with personal effectiveness, while avoidance behavior demonstrated a weak positive correlation that was not statistically significant. Based on these findings, a Self-Esteem Training and Development Program was developed to address impostor syndrome among high achievers. This program aims to enhance self-worth and improve academic and personal outcomes through competency evaluations, lectures, focus group discussions, consultations, and experiential activities designed to cultivate self-efficacy and perseverance in academic pursuits.	1	["academic productivity", "impostor syndrome", "personal effectiveness"]	["angelikajuliemondejar.pujadas@my.smciligan.edu.ph", "reagracetantingco.yosores@my.smciligan.edu.ph"]	approved
\.


--
-- Data for Name: auth_group; Type: TABLE DATA; Schema: rmo; Owner: admin
--

COPY rmo.auth_group (id, name) FROM stdin;
\.


--
-- Data for Name: auth_group_permissions; Type: TABLE DATA; Schema: rmo; Owner: admin
--

COPY rmo.auth_group_permissions (id, group_id, permission_id) FROM stdin;
\.


--
-- Data for Name: auth_permission; Type: TABLE DATA; Schema: rmo; Owner: admin
--

COPY rmo.auth_permission (id, name, content_type_id, codename) FROM stdin;
1	Can add log entry	1	add_logentry
2	Can change log entry	1	change_logentry
3	Can delete log entry	1	delete_logentry
4	Can view log entry	1	view_logentry
5	Can add permission	2	add_permission
6	Can change permission	2	change_permission
7	Can delete permission	2	delete_permission
8	Can view permission	2	view_permission
9	Can add group	3	add_group
10	Can change group	3	change_group
11	Can delete group	3	delete_group
12	Can view group	3	view_group
13	Can add user	4	add_user
14	Can change user	4	change_user
15	Can delete user	4	delete_user
16	Can view user	4	view_user
17	Can add content type	5	add_contenttype
18	Can change content type	5	change_contenttype
19	Can delete content type	5	delete_contenttype
20	Can view content type	5	view_contenttype
21	Can add session	6	add_session
22	Can change session	6	change_session
23	Can delete session	6	delete_session
24	Can view session	6	view_session
25	Can add college	7	add_college
26	Can change college	7	change_college
27	Can delete college	7	delete_college
28	Can view college	7	view_college
29	Can add faculty user type	8	add_facultyusertype
30	Can change faculty user type	8	change_facultyusertype
31	Can delete faculty user type	8	delete_facultyusertype
32	Can view faculty user type	8	view_facultyusertype
33	Can add institutional research agenda	9	add_institutionalresearchagenda
34	Can change institutional research agenda	9	change_institutionalresearchagenda
35	Can delete institutional research agenda	9	delete_institutionalresearchagenda
36	Can view institutional research agenda	9	view_institutionalresearchagenda
37	Can add college research agenda	10	add_collegeresearchagenda
38	Can change college research agenda	10	change_collegeresearchagenda
39	Can delete college research agenda	10	delete_collegeresearchagenda
40	Can view college research agenda	10	view_collegeresearchagenda
41	Can add course	11	add_course
42	Can change course	11	change_course
43	Can delete course	11	delete_course
44	Can view course	11	view_course
45	Can add thesis title	12	add_thesistitle
46	Can change thesis title	12	change_thesistitle
47	Can delete thesis title	12	delete_thesistitle
48	Can view thesis title	12	view_thesistitle
49	Can add user type	13	add_usertype
50	Can change user type	13	change_usertype
51	Can delete user type	13	delete_usertype
52	Can view user type	13	view_usertype
53	Can add account	14	add_account
54	Can change account	14	change_account
55	Can delete account	14	delete_account
56	Can view account	14	view_account
57	Can add announcement	15	add_announcement
58	Can change announcement	15	change_announcement
59	Can delete announcement	15	delete_announcement
60	Can view announcement	15	view_announcement
61	Can add announcement photo	16	add_announcementphoto
62	Can change announcement photo	16	change_announcementphoto
63	Can delete announcement photo	16	delete_announcementphoto
64	Can view announcement photo	16	view_announcementphoto
65	Can add evaluation criteria	17	add_evaluationcriteria
66	Can change evaluation criteria	17	change_evaluationcriteria
67	Can delete evaluation criteria	17	delete_evaluationcriteria
68	Can view evaluation criteria	17	view_evaluationcriteria
69	Can add form clearance	18	add_formclearance
70	Can change form clearance	18	change_formclearance
71	Can delete form clearance	18	delete_formclearance
72	Can view form clearance	18	view_formclearance
73	Can add form schedule	19	add_formschedule
74	Can change form schedule	19	change_formschedule
75	Can delete form schedule	19	delete_formschedule
76	Can view form schedule	19	view_formschedule
77	Can add form type	20	add_formtype
78	Can change form type	20	change_formtype
79	Can delete form type	20	delete_formtype
80	Can view form type	20	view_formtype
81	Can add form approval	21	add_formapproval
82	Can change form approval	21	change_formapproval
83	Can delete form approval	21	delete_formapproval
84	Can view form approval	21	view_formapproval
85	Can add form panel	22	add_formpanel
86	Can change form panel	22	change_formpanel
87	Can delete form panel	22	delete_formpanel
88	Can view form panel	22	view_formpanel
89	Can add form	23	add_form
90	Can change form	23	change_form
91	Can delete form	23	delete_form
92	Can view form	23	view_form
93	Can add proponent	24	add_proponent
94	Can change proponent	24	change_proponent
95	Can delete proponent	24	delete_proponent
96	Can view proponent	24	view_proponent
97	Can add proposed title	25	add_proposedtitle
98	Can change proposed title	25	change_proposedtitle
99	Can delete proposed title	25	delete_proposedtitle
100	Can view proposed title	25	view_proposedtitle
101	Can add activity	26	add_activity
102	Can change activity	26	change_activity
103	Can delete activity	26	delete_activity
104	Can view activity	26	view_activity
105	Can add activity photo	27	add_activityphoto
106	Can change activity photo	27	change_activityphoto
107	Can delete activity photo	27	delete_activityphoto
108	Can view activity photo	27	view_activityphoto
109	Can add articles	28	add_articles
110	Can change articles	28	change_articles
111	Can delete articles	28	delete_articles
112	Can view articles	28	view_articles
113	Can add article files	29	add_articlefiles
114	Can change article files	29	change_articlefiles
115	Can delete article files	29	delete_articlefiles
116	Can view article files	29	view_articlefiles
117	Can add resource	30	add_resource
118	Can change resource	30	change_resource
119	Can delete resource	30	delete_resource
120	Can view resource	30	view_resource
121	Can add institutional research agenda	31	add_institutionalresearchagenda
122	Can change institutional research agenda	31	change_institutionalresearchagenda
123	Can delete institutional research agenda	31	delete_institutionalresearchagenda
124	Can view institutional research agenda	31	view_institutionalresearchagenda
125	Can add research theme	32	add_researchtheme
126	Can change research theme	32	change_researchtheme
127	Can delete research theme	32	delete_researchtheme
128	Can view research theme	32	view_researchtheme
129	Can add key research area	33	add_keyresearcharea
130	Can change key research area	33	change_keyresearcharea
131	Can delete key research area	33	delete_keyresearcharea
132	Can view key research area	33	view_keyresearcharea
133	Can add priority topic	34	add_prioritytopic
134	Can change priority topic	34	change_prioritytopic
135	Can delete priority topic	34	delete_prioritytopic
136	Can view priority topic	34	view_prioritytopic
\.


--
-- Data for Name: auth_user; Type: TABLE DATA; Schema: rmo; Owner: admin
--

COPY rmo.auth_user (id, password, last_login, is_superuser, username, first_name, last_name, email, is_staff, is_active, date_joined) FROM stdin;
2	pbkdf2_sha256$1000000$sOPpmTiFUSwKMa2j6fkcPr$maLY9G7lQd0W7Gasl4D75xSMaSqll3MJI6O/FOD+8Cc=	\N	f	Justine	Justine	Cua	justine.cua@my.smciligan.edu.ph	f	t	2025-07-28 08:45:04.207072+00
1	pbkdf2_sha256$1000000$S5pYx7exUZgkyd1ha9kPAd$ji37oJafux7bcQ3iUqlJljNuSQMOvkj2G+gqS04aTYk=	2025-08-02 08:26:58.747309+00	t	ylle				t	t	2025-07-28 08:38:35.948133+00
\.


--
-- Data for Name: auth_user_groups; Type: TABLE DATA; Schema: rmo; Owner: admin
--

COPY rmo.auth_user_groups (id, user_id, group_id) FROM stdin;
\.


--
-- Data for Name: auth_user_user_permissions; Type: TABLE DATA; Schema: rmo; Owner: admin
--

COPY rmo.auth_user_user_permissions (id, user_id, permission_id) FROM stdin;
\.


--
-- Data for Name: base_college; Type: TABLE DATA; Schema: rmo; Owner: admin
--

COPY rmo.base_college (college_id, name, code) FROM stdin;
1	College of Arts & Sciences	CAS
2	College of Hospitality Management	CHTM
3	College of Business Administration and Accountancy	CBAA
4	College of Computer Studies	CCS
5	College of Criminology	COC
6	College of Nursing	CON
7	College of Education	CED
8	College of Engineering	COE
\.


--
-- Data for Name: base_collegeresearchagenda; Type: TABLE DATA; Schema: rmo; Owner: admin
--

COPY rmo.base_collegeresearchagenda (cra_id, name, description, college_id_id) FROM stdin;
\.


--
-- Data for Name: base_course; Type: TABLE DATA; Schema: rmo; Owner: admin
--

COPY rmo.base_course (course_id, name, code, college_id_id) FROM stdin;
\.


--
-- Data for Name: base_facultyusertype; Type: TABLE DATA; Schema: rmo; Owner: admin
--

COPY rmo.base_facultyusertype (faculty_type_id, name) FROM stdin;
1	Faculty
2	Research Office
\.


--
-- Data for Name: base_thesistitle; Type: TABLE DATA; Schema: rmo; Owner: admin
--

COPY rmo.base_thesistitle (thesis_title_id, thesis_title, college_id_id) FROM stdin;
\.


--
-- Data for Name: django_admin_log; Type: TABLE DATA; Schema: rmo; Owner: admin
--

COPY rmo.django_admin_log (id, action_time, object_id, object_repr, action_flag, change_message, content_type_id, user_id) FROM stdin;
1	2025-07-28 08:41:18.375687+00	1	Faculty	1	[{"added": {}}]	8	1
2	2025-07-28 08:41:23.422226+00	2	Research Office	1	[{"added": {}}]	8	1
3	2025-07-28 08:41:40.855127+00	1	Student	1	[{"added": {}}]	13	1
4	2025-07-28 08:41:49.895975+00	2	Panel	1	[{"added": {}}]	13	1
5	2025-07-28 08:41:58.824769+00	3	Adviser	1	[{"added": {}}]	13	1
6	2025-07-28 08:42:07.096416+00	4	Dean	1	[{"added": {}}]	13	1
7	2025-07-28 08:42:20.26444+00	5	Research Staff	1	[{"added": {}}]	13	1
8	2025-07-28 08:42:29.985276+00	6	Research Management Coordinator	1	[{"added": {}}]	13	1
9	2025-07-28 08:42:38.312783+00	7	Vice President - Academic Affairs	1	[{"added": {}}]	13	1
10	2025-07-28 08:42:47.554034+00	8	Chairman - Research Ethics Review Committee	1	[{"added": {}}]	13	1
11	2025-07-28 08:43:03.344623+00	1	CAS	1	[{"added": {}}]	7	1
12	2025-07-28 08:43:15.336521+00	2	CHTM	1	[{"added": {}}]	7	1
13	2025-07-28 08:43:24.632549+00	3	CBAA	1	[{"added": {}}]	7	1
14	2025-07-28 08:43:35.255808+00	4	CCS	1	[{"added": {}}]	7	1
15	2025-07-28 08:43:47.381723+00	5	COC	1	[{"added": {}}]	7	1
16	2025-07-28 08:43:55.360123+00	6	CON	1	[{"added": {}}]	7	1
17	2025-07-28 08:44:03.920447+00	7	CED	1	[{"added": {}}]	7	1
18	2025-07-28 08:44:24.090282+00	8	COE	1	[{"added": {}}]	7	1
19	2025-07-28 08:45:37.569696+00	2	2	3		14	1
20	2025-08-02 08:29:46.09866+00	1	Patent Drafting Essentials	2	[{"changed": {"fields": ["Venue"]}}]	26	1
\.


--
-- Data for Name: django_content_type; Type: TABLE DATA; Schema: rmo; Owner: admin
--

COPY rmo.django_content_type (id, app_label, model) FROM stdin;
1	admin	logentry
2	auth	permission
3	auth	group
4	auth	user
5	contenttypes	contenttype
6	sessions	session
7	base	college
8	base	facultyusertype
9	base	institutionalresearchagenda
10	base	collegeresearchagenda
11	base	course
12	base	thesistitle
13	accounts	usertype
14	accounts	account
15	announcements	announcement
16	announcements	announcementphoto
17	forms	evaluationcriteria
18	forms	formclearance
19	forms	formschedule
20	forms	formtype
21	forms	formapproval
22	forms	formpanel
23	forms	form
24	forms	proponent
25	forms	proposedtitle
26	activities	activity
27	activities	activityphoto
28	articles	articles
29	articles	articlefiles
30	resources	resource
31	institutionalResearchAgenda	institutionalresearchagenda
32	institutionalResearchAgenda	researchtheme
33	institutionalResearchAgenda	keyresearcharea
34	institutionalResearchAgenda	prioritytopic
\.


--
-- Data for Name: django_migrations; Type: TABLE DATA; Schema: rmo; Owner: admin
--

COPY rmo.django_migrations (id, app, name, applied) FROM stdin;
1	contenttypes	0001_initial	2025-07-28 08:02:44.869459+00
2	auth	0001_initial	2025-07-28 08:02:44.910052+00
3	base	0001_initial	2025-07-28 08:02:45.055226+00
4	base	0002_alter_usertype_faculty_type	2025-07-28 08:02:45.070934+00
5	base	0003_alter_usertype_faculty_type	2025-07-28 08:02:45.080878+00
6	base	0004_alter_account_college_id_alter_account_course_id	2025-07-28 08:02:45.109168+00
7	base	0005_announcement_announcementphoto	2025-07-28 08:02:45.141017+00
8	base	0006_remove_proponent_account_id_and_more	2025-07-28 08:02:45.35124+00
9	accounts	0001_initial	2025-07-28 08:02:45.374732+00
10	activities	0001_initial	2025-07-28 08:02:45.383843+00
11	activities	0002_remove_activity_id_remove_activityphoto_id_and_more	2025-07-28 08:02:45.396895+00
12	activities	0003_remove_activity_short_description_and_more	2025-07-28 08:02:45.400922+00
13	activities	0004_activity_end_time_activity_start_time_and_more	2025-07-28 08:02:45.407127+00
14	admin	0001_initial	2025-07-28 08:02:45.421852+00
15	admin	0002_logentry_remove_auto_add	2025-07-28 08:02:45.42672+00
16	admin	0003_logentry_add_action_flag_choices	2025-07-28 08:02:45.432703+00
17	announcements	0001_initial	2025-07-28 08:02:45.457865+00
18	announcements	0002_remove_announcement_author_id	2025-07-28 08:02:45.467637+00
19	articles	0001_initial	2025-07-28 08:02:45.490647+00
20	articles	0002_articles_keywords_alter_articles_authors_and_more	2025-07-28 08:02:45.550813+00
21	articles	0003_remove_articles_email_articles_emails	2025-07-28 08:02:45.558911+00
22	articles	0004_articles_status	2025-07-28 08:02:45.563111+00
23	contenttypes	0002_remove_content_type_name	2025-07-28 08:02:45.576764+00
24	auth	0002_alter_permission_name_max_length	2025-07-28 08:02:45.585242+00
25	auth	0003_alter_user_email_max_length	2025-07-28 08:02:45.593239+00
26	auth	0004_alter_user_username_opts	2025-07-28 08:02:45.598582+00
27	auth	0005_alter_user_last_login_null	2025-07-28 08:02:45.604704+00
28	auth	0006_require_contenttypes_0002	2025-07-28 08:02:45.605639+00
29	auth	0007_alter_validators_add_error_messages	2025-07-28 08:02:45.610484+00
30	auth	0008_alter_user_username_max_length	2025-07-28 08:02:45.6185+00
31	auth	0009_alter_user_last_name_max_length	2025-07-28 08:02:45.62468+00
32	auth	0010_alter_group_name_max_length	2025-07-28 08:02:45.635376+00
33	auth	0011_update_proxy_permissions	2025-07-28 08:02:45.645865+00
34	auth	0012_alter_user_first_name_max_length	2025-07-28 08:02:45.651205+00
35	forms	0001_initial	2025-07-28 08:02:45.756839+00
36	resources	0001_initial	2025-07-28 08:02:45.761317+00
37	sessions	0001_initial	2025-07-28 08:02:45.768539+00
38	institutionalResearchAgenda	0001_initial	2025-07-29 01:22:53.568053+00
39	forms	0002_alter_form_ira_id	2025-07-29 01:22:53.594794+00
40	base	0007_delete_institutionalresearchagenda	2025-07-29 01:22:53.597839+00
41	activities	0005_activity_venue	2025-08-02 08:26:14.023953+00
42	resources	0002_remove_resource_title_resource_subject_and_more	2025-08-03 07:09:44.787629+00
43	resources	0003_resource_title	2025-08-03 07:19:05.110666+00
\.


--
-- Data for Name: django_session; Type: TABLE DATA; Schema: rmo; Owner: admin
--

COPY rmo.django_session (session_key, session_data, expire_date) FROM stdin;
vh2fe6vay4j7xyd1o4rg9t9xo12gy6ji	.eJxVjEEOwiAQRe_C2pBSZgp16d4zkGEYpGpoUtqV8e7apAvd_vfef6lA21rC1mQJU1JnZdTpd4vED6k7SHeqt1nzXNdlinpX9EGbvs5JnpfD_Tso1Mq3JvE2-s5wNpHZCjNkTEQCxGQyE0K2Xeqd80DODyMOaCwgOmtGyL16fwAZtDgq:1ugJNh:1LGYeQgXRmdSozFWCaD-d52TOSEBQbBmzdbhVyPTVd4	2025-08-11 08:38:49.986402+00
byb3bfxh1vvedxvahv07dm8tzgz9ls97	.eJxVjEEOwiAQRe_C2pBSZgp16d4zkGEYpGpoUtqV8e7apAvd_vfef6lA21rC1mQJU1JnZdTpd4vED6k7SHeqt1nzXNdlinpX9EGbvs5JnpfD_Tso1Mq3JvE2-s5wNpHZCjNkTEQCxGQyE0K2Xeqd80DODyMOaCwgOmtGyL16fwAZtDgq:1ui7Zy:lLNjEWvr0aSbux4oQBbiPBICAK80mmV7lCADEiTuMpE	2025-08-16 08:26:58.787301+00
\.


--
-- Data for Name: forms_evaluationcriteria; Type: TABLE DATA; Schema: rmo; Owner: admin
--

COPY rmo.forms_evaluationcriteria (eval_id, presentation, content, organization, mastery, remarks, "evaluatorName") FROM stdin;
\.


--
-- Data for Name: forms_form; Type: TABLE DATA; Schema: rmo; Owner: admin
--

COPY rmo.forms_form (form_id, date_created, college_id_id, cra_id_id, eval_id_id, ira_id_id, student_account_id_id, form_approval_id_id, form_clearance_id_id, form_panel_id_id, form_schedule_id_id, form_type_id_id) FROM stdin;
\.


--
-- Data for Name: forms_formapproval; Type: TABLE DATA; Schema: rmo; Owner: admin
--

COPY rmo.forms_formapproval (form_approval_id, role, status, date, account_id_id) FROM stdin;
\.


--
-- Data for Name: forms_formclearance; Type: TABLE DATA; Schema: rmo; Owner: admin
--

COPY rmo.forms_formclearance (form_clearance_id, semester_completed, year_completed, date_of_article_submission, article_code_num) FROM stdin;
\.


--
-- Data for Name: forms_formpanel; Type: TABLE DATA; Schema: rmo; Owner: admin
--

COPY rmo.forms_formpanel (form_panel_id, status, date, account_id_id) FROM stdin;
\.


--
-- Data for Name: forms_formschedule; Type: TABLE DATA; Schema: rmo; Owner: admin
--

COPY rmo.forms_formschedule (form_schedule_id, proposal_date, proposal_time, proposal_place, final_defense_date, final_defense_time, final_defense_place, date_reviewed_by_chairman, date_of_data_gathering, place_of_data_gathering) FROM stdin;
\.


--
-- Data for Name: forms_formtype; Type: TABLE DATA; Schema: rmo; Owner: admin
--

COPY rmo.forms_formtype (form_type_id, "formName", "formDescription") FROM stdin;
\.


--
-- Data for Name: forms_proponent; Type: TABLE DATA; Schema: rmo; Owner: admin
--

COPY rmo.forms_proponent (proponent_id, proposal_receipt_num, defense_receipt_num, account_id_id, form_id_id, thesis_title_id_id) FROM stdin;
\.


--
-- Data for Name: forms_proposedtitle; Type: TABLE DATA; Schema: rmo; Owner: admin
--

COPY rmo.forms_proposedtitle (proposed_title_id, status, college_id_id, form_id_id) FROM stdin;
\.


--
-- Data for Name: institutionalResearchAgenda_institutionalresearchagenda; Type: TABLE DATA; Schema: rmo; Owner: admin
--

COPY rmo."institutionalResearchAgenda_institutionalresearchagenda" (ira_id, title, cover_image, rationale, role_of_rmo, objectives, update_process, framework_description, date_covered, created_at) FROM stdin;
\.


--
-- Data for Name: institutionalResearchAgenda_keyresearcharea; Type: TABLE DATA; Schema: rmo; Owner: admin
--

COPY rmo."institutionalResearchAgenda_keyresearcharea" (id, title, description, ira_id) FROM stdin;
\.


--
-- Data for Name: institutionalResearchAgenda_prioritytopic; Type: TABLE DATA; Schema: rmo; Owner: admin
--

COPY rmo."institutionalResearchAgenda_prioritytopic" (id, title, details, theme_id) FROM stdin;
\.


--
-- Data for Name: institutionalResearchAgenda_researchtheme; Type: TABLE DATA; Schema: rmo; Owner: admin
--

COPY rmo."institutionalResearchAgenda_researchtheme" (id, title, description, key_area_id) FROM stdin;
\.


--
-- Data for Name: resources_resource; Type: TABLE DATA; Schema: rmo; Owner: admin
--

COPY rmo.resources_resource (resource_id, file, size, subject, title) FROM stdin;
5	resources/TW-FORM-1.pdf	110609	Approval of Thesis Title and Nomination of Panel of Examiners	TW-Form 1
6	resources/TW-FORM-2.pdf	106921	Approval for Proposal Defense	TW-Form 2
7	resources/TW-FORM-3.pdf	159105	Rating for Proposal Hearing	TW-Form 3
8	resources/TW-FORM-4.pdf	107488	Approval for Final Defense	TW-Form 4
9	resources/TW-FORM-5.pdf	158799	Rating for Final Defense	TW-Form 5
10	resources/TW-FORM-6.pdf	88937	Approval for Binding	TW-Form 6
12	resources/TW-FORM_7.pdf	116967	Certificate of Data Gathering	TW-Form 7
13	resources/TW_8-_Proposal_Evaluation_Criteria_-_Graduate_School.pdf	119808	Proposal Evaluation Criteria	TW-Form 8
14	resources/TW9_-_Proposal_Defense_Report_-_Graduate_School.pdf	120673	Proposal Defense Report	TW-Form 9
15	resources/TW_10_-_Research_Evaluation_Scale_Proposal_-_Graduate_School.pdf	108954	Research Evaluation Scale for Proposal Defense	TW-Form 10
16	resources/TW_11_-_Final_Evaluation_Criteria_-_Graduate_School.pdf	118069	Final Evaluation Criteria	TW-Form 11
17	resources/TW_12-_Research_Evaluation_Scale_Final_-_Graduate_School.pdf	116505	Research Evaluation Scale for Final Defense	TW-Form 12
18	resources/TW-FORM-13_Research_Clearance.pdf	97816	Research Clearance	TW-Form 13
19	resources/FORM-14_WorktextWorkbook_Approval_Sheet.pdf	95087	Workbook / Worktext Approval Sheet	Form 14
20	resources/FORM-15_Research_Mentoring_Consultation_Form.pdf	91366	Research Mentoring Consultation Form	Form 15
21	resources/FORM-16_Academic_Personnel_Paper_Presentation_Contract.pdf	101634	Academic Personnel Paper Presentation Contract	Form 16
22	resources/FORM-17_Contract_in_the_Pursuit_of_Research_Studies.pdf	117076	Contract in the Pursuit of Research Studies	Form 17
23	resources/FORM-18_SMC_Journal_Review_Form.pdf	345732	SMC Journal Review Form	Form 18
24	resources/TW_FORM_19_-_Research_Camp_Contract.pdf	143578	Research Camp Contract	Form 19
25	resources/FORM_20__CONTENT_VALIDITY_INDEX_CVI.pdf	149787	CONTENT VALIDITY INDEX (CVI) ITEM CONTENT VALIDATION	Form 20
26	resources/FORM_21_INTERVIEW_GUIDE_VALIDATION_TOOL.pdf	232078	INTERVIEW GUIDE VALIDATION TOOL Construct Validity	Form 21
27	resources/FORM_22_-_RESEARCH_CLEARANCE_FOR_EMPLOYEE.pdf	90074	Research Clearance for Personnel	Form 22
\.


--
-- Name: accounts_account_account_id_seq; Type: SEQUENCE SET; Schema: rmo; Owner: admin
--

SELECT pg_catalog.setval('rmo.accounts_account_account_id_seq', 2, true);


--
-- Name: accounts_usertype_user_type_id_seq; Type: SEQUENCE SET; Schema: rmo; Owner: admin
--

SELECT pg_catalog.setval('rmo.accounts_usertype_user_type_id_seq', 8, true);


--
-- Name: activities_activity_activity_id_seq; Type: SEQUENCE SET; Schema: rmo; Owner: admin
--

SELECT pg_catalog.setval('rmo.activities_activity_activity_id_seq', 8, true);


--
-- Name: activities_activityphoto_activity_photo_id_seq; Type: SEQUENCE SET; Schema: rmo; Owner: admin
--

SELECT pg_catalog.setval('rmo.activities_activityphoto_activity_photo_id_seq', 8, true);


--
-- Name: announcements_announcement_announcement_id_seq; Type: SEQUENCE SET; Schema: rmo; Owner: admin
--

SELECT pg_catalog.setval('rmo.announcements_announcement_announcement_id_seq', 10, true);


--
-- Name: announcements_announcementphoto_announcement_photo_id_seq; Type: SEQUENCE SET; Schema: rmo; Owner: admin
--

SELECT pg_catalog.setval('rmo.announcements_announcementphoto_announcement_photo_id_seq', 37, true);


--
-- Name: articles_articlefiles_article_file_id_seq; Type: SEQUENCE SET; Schema: rmo; Owner: admin
--

SELECT pg_catalog.setval('rmo.articles_articlefiles_article_file_id_seq', 1, true);


--
-- Name: articles_articles_article_id_seq; Type: SEQUENCE SET; Schema: rmo; Owner: admin
--

SELECT pg_catalog.setval('rmo.articles_articles_article_id_seq', 1, true);


--
-- Name: auth_group_id_seq; Type: SEQUENCE SET; Schema: rmo; Owner: admin
--

SELECT pg_catalog.setval('rmo.auth_group_id_seq', 1, false);


--
-- Name: auth_group_permissions_id_seq; Type: SEQUENCE SET; Schema: rmo; Owner: admin
--

SELECT pg_catalog.setval('rmo.auth_group_permissions_id_seq', 1, false);


--
-- Name: auth_permission_id_seq; Type: SEQUENCE SET; Schema: rmo; Owner: admin
--

SELECT pg_catalog.setval('rmo.auth_permission_id_seq', 136, true);


--
-- Name: auth_user_groups_id_seq; Type: SEQUENCE SET; Schema: rmo; Owner: admin
--

SELECT pg_catalog.setval('rmo.auth_user_groups_id_seq', 1, false);


--
-- Name: auth_user_id_seq; Type: SEQUENCE SET; Schema: rmo; Owner: admin
--

SELECT pg_catalog.setval('rmo.auth_user_id_seq', 2, true);


--
-- Name: auth_user_user_permissions_id_seq; Type: SEQUENCE SET; Schema: rmo; Owner: admin
--

SELECT pg_catalog.setval('rmo.auth_user_user_permissions_id_seq', 1, false);


--
-- Name: base_college_college_id_seq; Type: SEQUENCE SET; Schema: rmo; Owner: admin
--

SELECT pg_catalog.setval('rmo.base_college_college_id_seq', 8, true);


--
-- Name: base_collegeresearchagenda_cra_id_seq; Type: SEQUENCE SET; Schema: rmo; Owner: admin
--

SELECT pg_catalog.setval('rmo.base_collegeresearchagenda_cra_id_seq', 1, false);


--
-- Name: base_course_course_id_seq; Type: SEQUENCE SET; Schema: rmo; Owner: admin
--

SELECT pg_catalog.setval('rmo.base_course_course_id_seq', 1, false);


--
-- Name: base_facultyusertype_faculty_type_id_seq; Type: SEQUENCE SET; Schema: rmo; Owner: admin
--

SELECT pg_catalog.setval('rmo.base_facultyusertype_faculty_type_id_seq', 2, true);


--
-- Name: base_thesistitle_thesis_title_id_seq; Type: SEQUENCE SET; Schema: rmo; Owner: admin
--

SELECT pg_catalog.setval('rmo.base_thesistitle_thesis_title_id_seq', 1, false);


--
-- Name: django_admin_log_id_seq; Type: SEQUENCE SET; Schema: rmo; Owner: admin
--

SELECT pg_catalog.setval('rmo.django_admin_log_id_seq', 20, true);


--
-- Name: django_content_type_id_seq; Type: SEQUENCE SET; Schema: rmo; Owner: admin
--

SELECT pg_catalog.setval('rmo.django_content_type_id_seq', 34, true);


--
-- Name: django_migrations_id_seq; Type: SEQUENCE SET; Schema: rmo; Owner: admin
--

SELECT pg_catalog.setval('rmo.django_migrations_id_seq', 43, true);


--
-- Name: forms_evaluationcriteria_eval_id_seq; Type: SEQUENCE SET; Schema: rmo; Owner: admin
--

SELECT pg_catalog.setval('rmo.forms_evaluationcriteria_eval_id_seq', 1, false);


--
-- Name: forms_form_form_id_seq; Type: SEQUENCE SET; Schema: rmo; Owner: admin
--

SELECT pg_catalog.setval('rmo.forms_form_form_id_seq', 1, false);


--
-- Name: forms_formapproval_form_approval_id_seq; Type: SEQUENCE SET; Schema: rmo; Owner: admin
--

SELECT pg_catalog.setval('rmo.forms_formapproval_form_approval_id_seq', 1, false);


--
-- Name: forms_formclearance_form_clearance_id_seq; Type: SEQUENCE SET; Schema: rmo; Owner: admin
--

SELECT pg_catalog.setval('rmo.forms_formclearance_form_clearance_id_seq', 1, false);


--
-- Name: forms_formpanel_form_panel_id_seq; Type: SEQUENCE SET; Schema: rmo; Owner: admin
--

SELECT pg_catalog.setval('rmo.forms_formpanel_form_panel_id_seq', 1, false);


--
-- Name: forms_formschedule_form_schedule_id_seq; Type: SEQUENCE SET; Schema: rmo; Owner: admin
--

SELECT pg_catalog.setval('rmo.forms_formschedule_form_schedule_id_seq', 1, false);


--
-- Name: forms_formtype_form_type_id_seq; Type: SEQUENCE SET; Schema: rmo; Owner: admin
--

SELECT pg_catalog.setval('rmo.forms_formtype_form_type_id_seq', 1, false);


--
-- Name: forms_proponent_proponent_id_seq; Type: SEQUENCE SET; Schema: rmo; Owner: admin
--

SELECT pg_catalog.setval('rmo.forms_proponent_proponent_id_seq', 1, false);


--
-- Name: forms_proposedtitle_proposed_title_id_seq; Type: SEQUENCE SET; Schema: rmo; Owner: admin
--

SELECT pg_catalog.setval('rmo.forms_proposedtitle_proposed_title_id_seq', 1, false);


--
-- Name: institutionalResearchAgenda_institutionalresearchage_ira_id_seq; Type: SEQUENCE SET; Schema: rmo; Owner: admin
--

SELECT pg_catalog.setval('rmo."institutionalResearchAgenda_institutionalresearchage_ira_id_seq"', 1, false);


--
-- Name: institutionalResearchAgenda_keyresearcharea_id_seq; Type: SEQUENCE SET; Schema: rmo; Owner: admin
--

SELECT pg_catalog.setval('rmo."institutionalResearchAgenda_keyresearcharea_id_seq"', 1, false);


--
-- Name: institutionalResearchAgenda_prioritytopic_id_seq; Type: SEQUENCE SET; Schema: rmo; Owner: admin
--

SELECT pg_catalog.setval('rmo."institutionalResearchAgenda_prioritytopic_id_seq"', 1, false);


--
-- Name: institutionalResearchAgenda_researchtheme_id_seq; Type: SEQUENCE SET; Schema: rmo; Owner: admin
--

SELECT pg_catalog.setval('rmo."institutionalResearchAgenda_researchtheme_id_seq"', 1, false);


--
-- Name: resources_resource_resource_id_seq; Type: SEQUENCE SET; Schema: rmo; Owner: admin
--

SELECT pg_catalog.setval('rmo.resources_resource_resource_id_seq', 27, true);


--
-- Name: accounts_account accounts_account_pkey; Type: CONSTRAINT; Schema: rmo; Owner: admin
--

ALTER TABLE ONLY rmo.accounts_account
    ADD CONSTRAINT accounts_account_pkey PRIMARY KEY (account_id);


--
-- Name: accounts_usertype accounts_usertype_pkey; Type: CONSTRAINT; Schema: rmo; Owner: admin
--

ALTER TABLE ONLY rmo.accounts_usertype
    ADD CONSTRAINT accounts_usertype_pkey PRIMARY KEY (user_type_id);


--
-- Name: activities_activity activities_activity_pkey; Type: CONSTRAINT; Schema: rmo; Owner: admin
--

ALTER TABLE ONLY rmo.activities_activity
    ADD CONSTRAINT activities_activity_pkey PRIMARY KEY (activity_id);


--
-- Name: activities_activityphoto activities_activityphoto_pkey; Type: CONSTRAINT; Schema: rmo; Owner: admin
--

ALTER TABLE ONLY rmo.activities_activityphoto
    ADD CONSTRAINT activities_activityphoto_pkey PRIMARY KEY (activity_photo_id);


--
-- Name: announcements_announcement announcements_announcement_pkey; Type: CONSTRAINT; Schema: rmo; Owner: admin
--

ALTER TABLE ONLY rmo.announcements_announcement
    ADD CONSTRAINT announcements_announcement_pkey PRIMARY KEY (announcement_id);


--
-- Name: announcements_announcementphoto announcements_announcementphoto_pkey; Type: CONSTRAINT; Schema: rmo; Owner: admin
--

ALTER TABLE ONLY rmo.announcements_announcementphoto
    ADD CONSTRAINT announcements_announcementphoto_pkey PRIMARY KEY (announcement_photo_id);


--
-- Name: articles_articlefiles articles_articlefiles_pkey; Type: CONSTRAINT; Schema: rmo; Owner: admin
--

ALTER TABLE ONLY rmo.articles_articlefiles
    ADD CONSTRAINT articles_articlefiles_pkey PRIMARY KEY (article_file_id);


--
-- Name: articles_articles articles_articles_pkey; Type: CONSTRAINT; Schema: rmo; Owner: admin
--

ALTER TABLE ONLY rmo.articles_articles
    ADD CONSTRAINT articles_articles_pkey PRIMARY KEY (article_id);


--
-- Name: auth_group auth_group_name_key; Type: CONSTRAINT; Schema: rmo; Owner: admin
--

ALTER TABLE ONLY rmo.auth_group
    ADD CONSTRAINT auth_group_name_key UNIQUE (name);


--
-- Name: auth_group_permissions auth_group_permissions_group_id_permission_id_0cd325b0_uniq; Type: CONSTRAINT; Schema: rmo; Owner: admin
--

ALTER TABLE ONLY rmo.auth_group_permissions
    ADD CONSTRAINT auth_group_permissions_group_id_permission_id_0cd325b0_uniq UNIQUE (group_id, permission_id);


--
-- Name: auth_group_permissions auth_group_permissions_pkey; Type: CONSTRAINT; Schema: rmo; Owner: admin
--

ALTER TABLE ONLY rmo.auth_group_permissions
    ADD CONSTRAINT auth_group_permissions_pkey PRIMARY KEY (id);


--
-- Name: auth_group auth_group_pkey; Type: CONSTRAINT; Schema: rmo; Owner: admin
--

ALTER TABLE ONLY rmo.auth_group
    ADD CONSTRAINT auth_group_pkey PRIMARY KEY (id);


--
-- Name: auth_permission auth_permission_content_type_id_codename_01ab375a_uniq; Type: CONSTRAINT; Schema: rmo; Owner: admin
--

ALTER TABLE ONLY rmo.auth_permission
    ADD CONSTRAINT auth_permission_content_type_id_codename_01ab375a_uniq UNIQUE (content_type_id, codename);


--
-- Name: auth_permission auth_permission_pkey; Type: CONSTRAINT; Schema: rmo; Owner: admin
--

ALTER TABLE ONLY rmo.auth_permission
    ADD CONSTRAINT auth_permission_pkey PRIMARY KEY (id);


--
-- Name: auth_user_groups auth_user_groups_pkey; Type: CONSTRAINT; Schema: rmo; Owner: admin
--

ALTER TABLE ONLY rmo.auth_user_groups
    ADD CONSTRAINT auth_user_groups_pkey PRIMARY KEY (id);


--
-- Name: auth_user_groups auth_user_groups_user_id_group_id_94350c0c_uniq; Type: CONSTRAINT; Schema: rmo; Owner: admin
--

ALTER TABLE ONLY rmo.auth_user_groups
    ADD CONSTRAINT auth_user_groups_user_id_group_id_94350c0c_uniq UNIQUE (user_id, group_id);


--
-- Name: auth_user auth_user_pkey; Type: CONSTRAINT; Schema: rmo; Owner: admin
--

ALTER TABLE ONLY rmo.auth_user
    ADD CONSTRAINT auth_user_pkey PRIMARY KEY (id);


--
-- Name: auth_user_user_permissions auth_user_user_permissions_pkey; Type: CONSTRAINT; Schema: rmo; Owner: admin
--

ALTER TABLE ONLY rmo.auth_user_user_permissions
    ADD CONSTRAINT auth_user_user_permissions_pkey PRIMARY KEY (id);


--
-- Name: auth_user_user_permissions auth_user_user_permissions_user_id_permission_id_14a6b632_uniq; Type: CONSTRAINT; Schema: rmo; Owner: admin
--

ALTER TABLE ONLY rmo.auth_user_user_permissions
    ADD CONSTRAINT auth_user_user_permissions_user_id_permission_id_14a6b632_uniq UNIQUE (user_id, permission_id);


--
-- Name: auth_user auth_user_username_key; Type: CONSTRAINT; Schema: rmo; Owner: admin
--

ALTER TABLE ONLY rmo.auth_user
    ADD CONSTRAINT auth_user_username_key UNIQUE (username);


--
-- Name: base_college base_college_pkey; Type: CONSTRAINT; Schema: rmo; Owner: admin
--

ALTER TABLE ONLY rmo.base_college
    ADD CONSTRAINT base_college_pkey PRIMARY KEY (college_id);


--
-- Name: base_collegeresearchagenda base_collegeresearchagenda_pkey; Type: CONSTRAINT; Schema: rmo; Owner: admin
--

ALTER TABLE ONLY rmo.base_collegeresearchagenda
    ADD CONSTRAINT base_collegeresearchagenda_pkey PRIMARY KEY (cra_id);


--
-- Name: base_course base_course_pkey; Type: CONSTRAINT; Schema: rmo; Owner: admin
--

ALTER TABLE ONLY rmo.base_course
    ADD CONSTRAINT base_course_pkey PRIMARY KEY (course_id);


--
-- Name: base_facultyusertype base_facultyusertype_pkey; Type: CONSTRAINT; Schema: rmo; Owner: admin
--

ALTER TABLE ONLY rmo.base_facultyusertype
    ADD CONSTRAINT base_facultyusertype_pkey PRIMARY KEY (faculty_type_id);


--
-- Name: base_thesistitle base_thesistitle_pkey; Type: CONSTRAINT; Schema: rmo; Owner: admin
--

ALTER TABLE ONLY rmo.base_thesistitle
    ADD CONSTRAINT base_thesistitle_pkey PRIMARY KEY (thesis_title_id);


--
-- Name: django_admin_log django_admin_log_pkey; Type: CONSTRAINT; Schema: rmo; Owner: admin
--

ALTER TABLE ONLY rmo.django_admin_log
    ADD CONSTRAINT django_admin_log_pkey PRIMARY KEY (id);


--
-- Name: django_content_type django_content_type_app_label_model_76bd3d3b_uniq; Type: CONSTRAINT; Schema: rmo; Owner: admin
--

ALTER TABLE ONLY rmo.django_content_type
    ADD CONSTRAINT django_content_type_app_label_model_76bd3d3b_uniq UNIQUE (app_label, model);


--
-- Name: django_content_type django_content_type_pkey; Type: CONSTRAINT; Schema: rmo; Owner: admin
--

ALTER TABLE ONLY rmo.django_content_type
    ADD CONSTRAINT django_content_type_pkey PRIMARY KEY (id);


--
-- Name: django_migrations django_migrations_pkey; Type: CONSTRAINT; Schema: rmo; Owner: admin
--

ALTER TABLE ONLY rmo.django_migrations
    ADD CONSTRAINT django_migrations_pkey PRIMARY KEY (id);


--
-- Name: django_session django_session_pkey; Type: CONSTRAINT; Schema: rmo; Owner: admin
--

ALTER TABLE ONLY rmo.django_session
    ADD CONSTRAINT django_session_pkey PRIMARY KEY (session_key);


--
-- Name: forms_evaluationcriteria forms_evaluationcriteria_pkey; Type: CONSTRAINT; Schema: rmo; Owner: admin
--

ALTER TABLE ONLY rmo.forms_evaluationcriteria
    ADD CONSTRAINT forms_evaluationcriteria_pkey PRIMARY KEY (eval_id);


--
-- Name: forms_form forms_form_pkey; Type: CONSTRAINT; Schema: rmo; Owner: admin
--

ALTER TABLE ONLY rmo.forms_form
    ADD CONSTRAINT forms_form_pkey PRIMARY KEY (form_id);


--
-- Name: forms_formapproval forms_formapproval_pkey; Type: CONSTRAINT; Schema: rmo; Owner: admin
--

ALTER TABLE ONLY rmo.forms_formapproval
    ADD CONSTRAINT forms_formapproval_pkey PRIMARY KEY (form_approval_id);


--
-- Name: forms_formclearance forms_formclearance_pkey; Type: CONSTRAINT; Schema: rmo; Owner: admin
--

ALTER TABLE ONLY rmo.forms_formclearance
    ADD CONSTRAINT forms_formclearance_pkey PRIMARY KEY (form_clearance_id);


--
-- Name: forms_formpanel forms_formpanel_pkey; Type: CONSTRAINT; Schema: rmo; Owner: admin
--

ALTER TABLE ONLY rmo.forms_formpanel
    ADD CONSTRAINT forms_formpanel_pkey PRIMARY KEY (form_panel_id);


--
-- Name: forms_formschedule forms_formschedule_pkey; Type: CONSTRAINT; Schema: rmo; Owner: admin
--

ALTER TABLE ONLY rmo.forms_formschedule
    ADD CONSTRAINT forms_formschedule_pkey PRIMARY KEY (form_schedule_id);


--
-- Name: forms_formtype forms_formtype_pkey; Type: CONSTRAINT; Schema: rmo; Owner: admin
--

ALTER TABLE ONLY rmo.forms_formtype
    ADD CONSTRAINT forms_formtype_pkey PRIMARY KEY (form_type_id);


--
-- Name: forms_proponent forms_proponent_pkey; Type: CONSTRAINT; Schema: rmo; Owner: admin
--

ALTER TABLE ONLY rmo.forms_proponent
    ADD CONSTRAINT forms_proponent_pkey PRIMARY KEY (proponent_id);


--
-- Name: forms_proposedtitle forms_proposedtitle_pkey; Type: CONSTRAINT; Schema: rmo; Owner: admin
--

ALTER TABLE ONLY rmo.forms_proposedtitle
    ADD CONSTRAINT forms_proposedtitle_pkey PRIMARY KEY (proposed_title_id);


--
-- Name: institutionalResearchAgenda_institutionalresearchagenda institutionalResearchAgenda_institutionalresearchagenda_pkey; Type: CONSTRAINT; Schema: rmo; Owner: admin
--

ALTER TABLE ONLY rmo."institutionalResearchAgenda_institutionalresearchagenda"
    ADD CONSTRAINT "institutionalResearchAgenda_institutionalresearchagenda_pkey" PRIMARY KEY (ira_id);


--
-- Name: institutionalResearchAgenda_keyresearcharea institutionalResearchAgenda_keyresearcharea_pkey; Type: CONSTRAINT; Schema: rmo; Owner: admin
--

ALTER TABLE ONLY rmo."institutionalResearchAgenda_keyresearcharea"
    ADD CONSTRAINT "institutionalResearchAgenda_keyresearcharea_pkey" PRIMARY KEY (id);


--
-- Name: institutionalResearchAgenda_prioritytopic institutionalResearchAgenda_prioritytopic_pkey; Type: CONSTRAINT; Schema: rmo; Owner: admin
--

ALTER TABLE ONLY rmo."institutionalResearchAgenda_prioritytopic"
    ADD CONSTRAINT "institutionalResearchAgenda_prioritytopic_pkey" PRIMARY KEY (id);


--
-- Name: institutionalResearchAgenda_researchtheme institutionalResearchAgenda_researchtheme_pkey; Type: CONSTRAINT; Schema: rmo; Owner: admin
--

ALTER TABLE ONLY rmo."institutionalResearchAgenda_researchtheme"
    ADD CONSTRAINT "institutionalResearchAgenda_researchtheme_pkey" PRIMARY KEY (id);


--
-- Name: resources_resource resources_resource_pkey; Type: CONSTRAINT; Schema: rmo; Owner: admin
--

ALTER TABLE ONLY rmo.resources_resource
    ADD CONSTRAINT resources_resource_pkey PRIMARY KEY (resource_id);


--
-- Name: accounts_account_college_id_id_bd45d86e; Type: INDEX; Schema: rmo; Owner: admin
--

CREATE INDEX accounts_account_college_id_id_bd45d86e ON rmo.accounts_account USING btree (college_id_id);


--
-- Name: accounts_account_course_id_id_2a9988f8; Type: INDEX; Schema: rmo; Owner: admin
--

CREATE INDEX accounts_account_course_id_id_2a9988f8 ON rmo.accounts_account USING btree (course_id_id);


--
-- Name: accounts_account_user_id_id_c7b4f7ed; Type: INDEX; Schema: rmo; Owner: admin
--

CREATE INDEX accounts_account_user_id_id_c7b4f7ed ON rmo.accounts_account USING btree (user_id_id);


--
-- Name: accounts_account_user_type_id_id_5f2acc01; Type: INDEX; Schema: rmo; Owner: admin
--

CREATE INDEX accounts_account_user_type_id_id_5f2acc01 ON rmo.accounts_account USING btree (user_type_id_id);


--
-- Name: accounts_usertype_faculty_type_id_989e7fb2; Type: INDEX; Schema: rmo; Owner: admin
--

CREATE INDEX accounts_usertype_faculty_type_id_989e7fb2 ON rmo.accounts_usertype USING btree (faculty_type_id);


--
-- Name: activities_activityphoto_activity_id_a5edf268; Type: INDEX; Schema: rmo; Owner: admin
--

CREATE INDEX activities_activityphoto_activity_id_a5edf268 ON rmo.activities_activityphoto USING btree (activity_id);


--
-- Name: announcements_announcementphoto_announcement_id_id_90024129; Type: INDEX; Schema: rmo; Owner: admin
--

CREATE INDEX announcements_announcementphoto_announcement_id_id_90024129 ON rmo.announcements_announcementphoto USING btree (announcement_id_id);


--
-- Name: articles_articlefiles_article_id_5c2873cd; Type: INDEX; Schema: rmo; Owner: admin
--

CREATE INDEX articles_articlefiles_article_id_5c2873cd ON rmo.articles_articlefiles USING btree (article_id);


--
-- Name: articles_articles_college_id_e9a252c4; Type: INDEX; Schema: rmo; Owner: admin
--

CREATE INDEX articles_articles_college_id_e9a252c4 ON rmo.articles_articles USING btree (college_id);


--
-- Name: auth_group_name_a6ea08ec_like; Type: INDEX; Schema: rmo; Owner: admin
--

CREATE INDEX auth_group_name_a6ea08ec_like ON rmo.auth_group USING btree (name varchar_pattern_ops);


--
-- Name: auth_group_permissions_group_id_b120cbf9; Type: INDEX; Schema: rmo; Owner: admin
--

CREATE INDEX auth_group_permissions_group_id_b120cbf9 ON rmo.auth_group_permissions USING btree (group_id);


--
-- Name: auth_group_permissions_permission_id_84c5c92e; Type: INDEX; Schema: rmo; Owner: admin
--

CREATE INDEX auth_group_permissions_permission_id_84c5c92e ON rmo.auth_group_permissions USING btree (permission_id);


--
-- Name: auth_permission_content_type_id_2f476e4b; Type: INDEX; Schema: rmo; Owner: admin
--

CREATE INDEX auth_permission_content_type_id_2f476e4b ON rmo.auth_permission USING btree (content_type_id);


--
-- Name: auth_user_groups_group_id_97559544; Type: INDEX; Schema: rmo; Owner: admin
--

CREATE INDEX auth_user_groups_group_id_97559544 ON rmo.auth_user_groups USING btree (group_id);


--
-- Name: auth_user_groups_user_id_6a12ed8b; Type: INDEX; Schema: rmo; Owner: admin
--

CREATE INDEX auth_user_groups_user_id_6a12ed8b ON rmo.auth_user_groups USING btree (user_id);


--
-- Name: auth_user_user_permissions_permission_id_1fbb5f2c; Type: INDEX; Schema: rmo; Owner: admin
--

CREATE INDEX auth_user_user_permissions_permission_id_1fbb5f2c ON rmo.auth_user_user_permissions USING btree (permission_id);


--
-- Name: auth_user_user_permissions_user_id_a95ead1b; Type: INDEX; Schema: rmo; Owner: admin
--

CREATE INDEX auth_user_user_permissions_user_id_a95ead1b ON rmo.auth_user_user_permissions USING btree (user_id);


--
-- Name: auth_user_username_6821ab7c_like; Type: INDEX; Schema: rmo; Owner: admin
--

CREATE INDEX auth_user_username_6821ab7c_like ON rmo.auth_user USING btree (username varchar_pattern_ops);


--
-- Name: base_collegeresearchagenda_college_id_id_da852d8f; Type: INDEX; Schema: rmo; Owner: admin
--

CREATE INDEX base_collegeresearchagenda_college_id_id_da852d8f ON rmo.base_collegeresearchagenda USING btree (college_id_id);


--
-- Name: base_course_college_id_id_31138b77; Type: INDEX; Schema: rmo; Owner: admin
--

CREATE INDEX base_course_college_id_id_31138b77 ON rmo.base_course USING btree (college_id_id);


--
-- Name: base_thesistitle_college_id_id_a264baa3; Type: INDEX; Schema: rmo; Owner: admin
--

CREATE INDEX base_thesistitle_college_id_id_a264baa3 ON rmo.base_thesistitle USING btree (college_id_id);


--
-- Name: django_admin_log_content_type_id_c4bce8eb; Type: INDEX; Schema: rmo; Owner: admin
--

CREATE INDEX django_admin_log_content_type_id_c4bce8eb ON rmo.django_admin_log USING btree (content_type_id);


--
-- Name: django_admin_log_user_id_c564eba6; Type: INDEX; Schema: rmo; Owner: admin
--

CREATE INDEX django_admin_log_user_id_c564eba6 ON rmo.django_admin_log USING btree (user_id);


--
-- Name: django_session_expire_date_a5c62663; Type: INDEX; Schema: rmo; Owner: admin
--

CREATE INDEX django_session_expire_date_a5c62663 ON rmo.django_session USING btree (expire_date);


--
-- Name: django_session_session_key_c0390e0f_like; Type: INDEX; Schema: rmo; Owner: admin
--

CREATE INDEX django_session_session_key_c0390e0f_like ON rmo.django_session USING btree (session_key varchar_pattern_ops);


--
-- Name: forms_form_college_id_id_4473820b; Type: INDEX; Schema: rmo; Owner: admin
--

CREATE INDEX forms_form_college_id_id_4473820b ON rmo.forms_form USING btree (college_id_id);


--
-- Name: forms_form_cra_id_id_661659a1; Type: INDEX; Schema: rmo; Owner: admin
--

CREATE INDEX forms_form_cra_id_id_661659a1 ON rmo.forms_form USING btree (cra_id_id);


--
-- Name: forms_form_eval_id_id_1b6451ee; Type: INDEX; Schema: rmo; Owner: admin
--

CREATE INDEX forms_form_eval_id_id_1b6451ee ON rmo.forms_form USING btree (eval_id_id);


--
-- Name: forms_form_form_approval_id_id_e3a11d6c; Type: INDEX; Schema: rmo; Owner: admin
--

CREATE INDEX forms_form_form_approval_id_id_e3a11d6c ON rmo.forms_form USING btree (form_approval_id_id);


--
-- Name: forms_form_form_clearance_id_id_ffdbd71d; Type: INDEX; Schema: rmo; Owner: admin
--

CREATE INDEX forms_form_form_clearance_id_id_ffdbd71d ON rmo.forms_form USING btree (form_clearance_id_id);


--
-- Name: forms_form_form_panel_id_id_9cd9dee9; Type: INDEX; Schema: rmo; Owner: admin
--

CREATE INDEX forms_form_form_panel_id_id_9cd9dee9 ON rmo.forms_form USING btree (form_panel_id_id);


--
-- Name: forms_form_form_schedule_id_id_e96ae9e4; Type: INDEX; Schema: rmo; Owner: admin
--

CREATE INDEX forms_form_form_schedule_id_id_e96ae9e4 ON rmo.forms_form USING btree (form_schedule_id_id);


--
-- Name: forms_form_form_type_id_id_5da0446f; Type: INDEX; Schema: rmo; Owner: admin
--

CREATE INDEX forms_form_form_type_id_id_5da0446f ON rmo.forms_form USING btree (form_type_id_id);


--
-- Name: forms_form_ira_id_id_53a9ef72; Type: INDEX; Schema: rmo; Owner: admin
--

CREATE INDEX forms_form_ira_id_id_53a9ef72 ON rmo.forms_form USING btree (ira_id_id);


--
-- Name: forms_form_student_account_id_id_fdc296bd; Type: INDEX; Schema: rmo; Owner: admin
--

CREATE INDEX forms_form_student_account_id_id_fdc296bd ON rmo.forms_form USING btree (student_account_id_id);


--
-- Name: forms_formapproval_account_id_id_2088b558; Type: INDEX; Schema: rmo; Owner: admin
--

CREATE INDEX forms_formapproval_account_id_id_2088b558 ON rmo.forms_formapproval USING btree (account_id_id);


--
-- Name: forms_formpanel_account_id_id_b7639551; Type: INDEX; Schema: rmo; Owner: admin
--

CREATE INDEX forms_formpanel_account_id_id_b7639551 ON rmo.forms_formpanel USING btree (account_id_id);


--
-- Name: forms_proponent_account_id_id_6a59ceb6; Type: INDEX; Schema: rmo; Owner: admin
--

CREATE INDEX forms_proponent_account_id_id_6a59ceb6 ON rmo.forms_proponent USING btree (account_id_id);


--
-- Name: forms_proponent_form_id_id_5d8bd7d8; Type: INDEX; Schema: rmo; Owner: admin
--

CREATE INDEX forms_proponent_form_id_id_5d8bd7d8 ON rmo.forms_proponent USING btree (form_id_id);


--
-- Name: forms_proponent_thesis_title_id_id_0345ff8a; Type: INDEX; Schema: rmo; Owner: admin
--

CREATE INDEX forms_proponent_thesis_title_id_id_0345ff8a ON rmo.forms_proponent USING btree (thesis_title_id_id);


--
-- Name: forms_proposedtitle_college_id_id_57d6c8a8; Type: INDEX; Schema: rmo; Owner: admin
--

CREATE INDEX forms_proposedtitle_college_id_id_57d6c8a8 ON rmo.forms_proposedtitle USING btree (college_id_id);


--
-- Name: forms_proposedtitle_form_id_id_2868177e; Type: INDEX; Schema: rmo; Owner: admin
--

CREATE INDEX forms_proposedtitle_form_id_id_2868177e ON rmo.forms_proposedtitle USING btree (form_id_id);


--
-- Name: institutionalResearchAgenda_keyresearcharea_ira_id_b3c5dbab; Type: INDEX; Schema: rmo; Owner: admin
--

CREATE INDEX "institutionalResearchAgenda_keyresearcharea_ira_id_b3c5dbab" ON rmo."institutionalResearchAgenda_keyresearcharea" USING btree (ira_id);


--
-- Name: institutionalResearchAgenda_prioritytopic_theme_id_b082ab84; Type: INDEX; Schema: rmo; Owner: admin
--

CREATE INDEX "institutionalResearchAgenda_prioritytopic_theme_id_b082ab84" ON rmo."institutionalResearchAgenda_prioritytopic" USING btree (theme_id);


--
-- Name: institutionalResearchAgenda_researchtheme_key_area_id_80576ef7; Type: INDEX; Schema: rmo; Owner: admin
--

CREATE INDEX "institutionalResearchAgenda_researchtheme_key_area_id_80576ef7" ON rmo."institutionalResearchAgenda_researchtheme" USING btree (key_area_id);


--
-- Name: accounts_account accounts_account_college_id_id_bd45d86e_fk_base_coll; Type: FK CONSTRAINT; Schema: rmo; Owner: admin
--

ALTER TABLE ONLY rmo.accounts_account
    ADD CONSTRAINT accounts_account_college_id_id_bd45d86e_fk_base_coll FOREIGN KEY (college_id_id) REFERENCES rmo.base_college(college_id) DEFERRABLE INITIALLY DEFERRED;


--
-- Name: accounts_account accounts_account_course_id_id_2a9988f8_fk_base_course_course_id; Type: FK CONSTRAINT; Schema: rmo; Owner: admin
--

ALTER TABLE ONLY rmo.accounts_account
    ADD CONSTRAINT accounts_account_course_id_id_2a9988f8_fk_base_course_course_id FOREIGN KEY (course_id_id) REFERENCES rmo.base_course(course_id) DEFERRABLE INITIALLY DEFERRED;


--
-- Name: accounts_account accounts_account_user_id_id_c7b4f7ed_fk_auth_user_id; Type: FK CONSTRAINT; Schema: rmo; Owner: admin
--

ALTER TABLE ONLY rmo.accounts_account
    ADD CONSTRAINT accounts_account_user_id_id_c7b4f7ed_fk_auth_user_id FOREIGN KEY (user_id_id) REFERENCES rmo.auth_user(id) DEFERRABLE INITIALLY DEFERRED;


--
-- Name: accounts_account accounts_account_user_type_id_id_5f2acc01_fk_accounts_; Type: FK CONSTRAINT; Schema: rmo; Owner: admin
--

ALTER TABLE ONLY rmo.accounts_account
    ADD CONSTRAINT accounts_account_user_type_id_id_5f2acc01_fk_accounts_ FOREIGN KEY (user_type_id_id) REFERENCES rmo.accounts_usertype(user_type_id) DEFERRABLE INITIALLY DEFERRED;


--
-- Name: accounts_usertype accounts_usertype_faculty_type_id_989e7fb2_fk_base_facu; Type: FK CONSTRAINT; Schema: rmo; Owner: admin
--

ALTER TABLE ONLY rmo.accounts_usertype
    ADD CONSTRAINT accounts_usertype_faculty_type_id_989e7fb2_fk_base_facu FOREIGN KEY (faculty_type_id) REFERENCES rmo.base_facultyusertype(faculty_type_id) DEFERRABLE INITIALLY DEFERRED;


--
-- Name: announcements_announcementphoto announcements_announ_announcement_id_id_90024129_fk_announcem; Type: FK CONSTRAINT; Schema: rmo; Owner: admin
--

ALTER TABLE ONLY rmo.announcements_announcementphoto
    ADD CONSTRAINT announcements_announ_announcement_id_id_90024129_fk_announcem FOREIGN KEY (announcement_id_id) REFERENCES rmo.announcements_announcement(announcement_id) DEFERRABLE INITIALLY DEFERRED;


--
-- Name: articles_articlefiles articles_articlefile_article_id_5c2873cd_fk_articles_; Type: FK CONSTRAINT; Schema: rmo; Owner: admin
--

ALTER TABLE ONLY rmo.articles_articlefiles
    ADD CONSTRAINT articles_articlefile_article_id_5c2873cd_fk_articles_ FOREIGN KEY (article_id) REFERENCES rmo.articles_articles(article_id) DEFERRABLE INITIALLY DEFERRED;


--
-- Name: articles_articles articles_articles_college_id_e9a252c4_fk_base_coll; Type: FK CONSTRAINT; Schema: rmo; Owner: admin
--

ALTER TABLE ONLY rmo.articles_articles
    ADD CONSTRAINT articles_articles_college_id_e9a252c4_fk_base_coll FOREIGN KEY (college_id) REFERENCES rmo.base_college(college_id) DEFERRABLE INITIALLY DEFERRED;


--
-- Name: auth_group_permissions auth_group_permissio_permission_id_84c5c92e_fk_auth_perm; Type: FK CONSTRAINT; Schema: rmo; Owner: admin
--

ALTER TABLE ONLY rmo.auth_group_permissions
    ADD CONSTRAINT auth_group_permissio_permission_id_84c5c92e_fk_auth_perm FOREIGN KEY (permission_id) REFERENCES rmo.auth_permission(id) DEFERRABLE INITIALLY DEFERRED;


--
-- Name: auth_group_permissions auth_group_permissions_group_id_b120cbf9_fk_auth_group_id; Type: FK CONSTRAINT; Schema: rmo; Owner: admin
--

ALTER TABLE ONLY rmo.auth_group_permissions
    ADD CONSTRAINT auth_group_permissions_group_id_b120cbf9_fk_auth_group_id FOREIGN KEY (group_id) REFERENCES rmo.auth_group(id) DEFERRABLE INITIALLY DEFERRED;


--
-- Name: auth_permission auth_permission_content_type_id_2f476e4b_fk_django_co; Type: FK CONSTRAINT; Schema: rmo; Owner: admin
--

ALTER TABLE ONLY rmo.auth_permission
    ADD CONSTRAINT auth_permission_content_type_id_2f476e4b_fk_django_co FOREIGN KEY (content_type_id) REFERENCES rmo.django_content_type(id) DEFERRABLE INITIALLY DEFERRED;


--
-- Name: auth_user_groups auth_user_groups_group_id_97559544_fk_auth_group_id; Type: FK CONSTRAINT; Schema: rmo; Owner: admin
--

ALTER TABLE ONLY rmo.auth_user_groups
    ADD CONSTRAINT auth_user_groups_group_id_97559544_fk_auth_group_id FOREIGN KEY (group_id) REFERENCES rmo.auth_group(id) DEFERRABLE INITIALLY DEFERRED;


--
-- Name: auth_user_groups auth_user_groups_user_id_6a12ed8b_fk_auth_user_id; Type: FK CONSTRAINT; Schema: rmo; Owner: admin
--

ALTER TABLE ONLY rmo.auth_user_groups
    ADD CONSTRAINT auth_user_groups_user_id_6a12ed8b_fk_auth_user_id FOREIGN KEY (user_id) REFERENCES rmo.auth_user(id) DEFERRABLE INITIALLY DEFERRED;


--
-- Name: auth_user_user_permissions auth_user_user_permi_permission_id_1fbb5f2c_fk_auth_perm; Type: FK CONSTRAINT; Schema: rmo; Owner: admin
--

ALTER TABLE ONLY rmo.auth_user_user_permissions
    ADD CONSTRAINT auth_user_user_permi_permission_id_1fbb5f2c_fk_auth_perm FOREIGN KEY (permission_id) REFERENCES rmo.auth_permission(id) DEFERRABLE INITIALLY DEFERRED;


--
-- Name: auth_user_user_permissions auth_user_user_permissions_user_id_a95ead1b_fk_auth_user_id; Type: FK CONSTRAINT; Schema: rmo; Owner: admin
--

ALTER TABLE ONLY rmo.auth_user_user_permissions
    ADD CONSTRAINT auth_user_user_permissions_user_id_a95ead1b_fk_auth_user_id FOREIGN KEY (user_id) REFERENCES rmo.auth_user(id) DEFERRABLE INITIALLY DEFERRED;


--
-- Name: base_collegeresearchagenda base_collegeresearch_college_id_id_da852d8f_fk_base_coll; Type: FK CONSTRAINT; Schema: rmo; Owner: admin
--

ALTER TABLE ONLY rmo.base_collegeresearchagenda
    ADD CONSTRAINT base_collegeresearch_college_id_id_da852d8f_fk_base_coll FOREIGN KEY (college_id_id) REFERENCES rmo.base_college(college_id) DEFERRABLE INITIALLY DEFERRED;


--
-- Name: base_course base_course_college_id_id_31138b77_fk_base_college_college_id; Type: FK CONSTRAINT; Schema: rmo; Owner: admin
--

ALTER TABLE ONLY rmo.base_course
    ADD CONSTRAINT base_course_college_id_id_31138b77_fk_base_college_college_id FOREIGN KEY (college_id_id) REFERENCES rmo.base_college(college_id) DEFERRABLE INITIALLY DEFERRED;


--
-- Name: base_thesistitle base_thesistitle_college_id_id_a264baa3_fk_base_coll; Type: FK CONSTRAINT; Schema: rmo; Owner: admin
--

ALTER TABLE ONLY rmo.base_thesistitle
    ADD CONSTRAINT base_thesistitle_college_id_id_a264baa3_fk_base_coll FOREIGN KEY (college_id_id) REFERENCES rmo.base_college(college_id) DEFERRABLE INITIALLY DEFERRED;


--
-- Name: django_admin_log django_admin_log_content_type_id_c4bce8eb_fk_django_co; Type: FK CONSTRAINT; Schema: rmo; Owner: admin
--

ALTER TABLE ONLY rmo.django_admin_log
    ADD CONSTRAINT django_admin_log_content_type_id_c4bce8eb_fk_django_co FOREIGN KEY (content_type_id) REFERENCES rmo.django_content_type(id) DEFERRABLE INITIALLY DEFERRED;


--
-- Name: django_admin_log django_admin_log_user_id_c564eba6_fk_auth_user_id; Type: FK CONSTRAINT; Schema: rmo; Owner: admin
--

ALTER TABLE ONLY rmo.django_admin_log
    ADD CONSTRAINT django_admin_log_user_id_c564eba6_fk_auth_user_id FOREIGN KEY (user_id) REFERENCES rmo.auth_user(id) DEFERRABLE INITIALLY DEFERRED;


--
-- Name: forms_form forms_form_college_id_id_4473820b_fk_base_college_college_id; Type: FK CONSTRAINT; Schema: rmo; Owner: admin
--

ALTER TABLE ONLY rmo.forms_form
    ADD CONSTRAINT forms_form_college_id_id_4473820b_fk_base_college_college_id FOREIGN KEY (college_id_id) REFERENCES rmo.base_college(college_id) DEFERRABLE INITIALLY DEFERRED;


--
-- Name: forms_form forms_form_cra_id_id_661659a1_fk_base_coll; Type: FK CONSTRAINT; Schema: rmo; Owner: admin
--

ALTER TABLE ONLY rmo.forms_form
    ADD CONSTRAINT forms_form_cra_id_id_661659a1_fk_base_coll FOREIGN KEY (cra_id_id) REFERENCES rmo.base_collegeresearchagenda(cra_id) DEFERRABLE INITIALLY DEFERRED;


--
-- Name: forms_form forms_form_eval_id_id_1b6451ee_fk_forms_eva; Type: FK CONSTRAINT; Schema: rmo; Owner: admin
--

ALTER TABLE ONLY rmo.forms_form
    ADD CONSTRAINT forms_form_eval_id_id_1b6451ee_fk_forms_eva FOREIGN KEY (eval_id_id) REFERENCES rmo.forms_evaluationcriteria(eval_id) DEFERRABLE INITIALLY DEFERRED;


--
-- Name: forms_form forms_form_form_approval_id_id_e3a11d6c_fk_forms_for; Type: FK CONSTRAINT; Schema: rmo; Owner: admin
--

ALTER TABLE ONLY rmo.forms_form
    ADD CONSTRAINT forms_form_form_approval_id_id_e3a11d6c_fk_forms_for FOREIGN KEY (form_approval_id_id) REFERENCES rmo.forms_formapproval(form_approval_id) DEFERRABLE INITIALLY DEFERRED;


--
-- Name: forms_form forms_form_form_clearance_id_id_ffdbd71d_fk_forms_for; Type: FK CONSTRAINT; Schema: rmo; Owner: admin
--

ALTER TABLE ONLY rmo.forms_form
    ADD CONSTRAINT forms_form_form_clearance_id_id_ffdbd71d_fk_forms_for FOREIGN KEY (form_clearance_id_id) REFERENCES rmo.forms_formclearance(form_clearance_id) DEFERRABLE INITIALLY DEFERRED;


--
-- Name: forms_form forms_form_form_panel_id_id_9cd9dee9_fk_forms_for; Type: FK CONSTRAINT; Schema: rmo; Owner: admin
--

ALTER TABLE ONLY rmo.forms_form
    ADD CONSTRAINT forms_form_form_panel_id_id_9cd9dee9_fk_forms_for FOREIGN KEY (form_panel_id_id) REFERENCES rmo.forms_formpanel(form_panel_id) DEFERRABLE INITIALLY DEFERRED;


--
-- Name: forms_form forms_form_form_schedule_id_id_e96ae9e4_fk_forms_for; Type: FK CONSTRAINT; Schema: rmo; Owner: admin
--

ALTER TABLE ONLY rmo.forms_form
    ADD CONSTRAINT forms_form_form_schedule_id_id_e96ae9e4_fk_forms_for FOREIGN KEY (form_schedule_id_id) REFERENCES rmo.forms_formschedule(form_schedule_id) DEFERRABLE INITIALLY DEFERRED;


--
-- Name: forms_form forms_form_form_type_id_id_5da0446f_fk_forms_for; Type: FK CONSTRAINT; Schema: rmo; Owner: admin
--

ALTER TABLE ONLY rmo.forms_form
    ADD CONSTRAINT forms_form_form_type_id_id_5da0446f_fk_forms_for FOREIGN KEY (form_type_id_id) REFERENCES rmo.forms_formtype(form_type_id) DEFERRABLE INITIALLY DEFERRED;


--
-- Name: forms_form forms_form_ira_id_id_53a9ef72_fk_instituti; Type: FK CONSTRAINT; Schema: rmo; Owner: admin
--

ALTER TABLE ONLY rmo.forms_form
    ADD CONSTRAINT forms_form_ira_id_id_53a9ef72_fk_instituti FOREIGN KEY (ira_id_id) REFERENCES rmo."institutionalResearchAgenda_institutionalresearchagenda"(ira_id) DEFERRABLE INITIALLY DEFERRED;


--
-- Name: forms_form forms_form_student_account_id_i_fdc296bd_fk_accounts_; Type: FK CONSTRAINT; Schema: rmo; Owner: admin
--

ALTER TABLE ONLY rmo.forms_form
    ADD CONSTRAINT forms_form_student_account_id_i_fdc296bd_fk_accounts_ FOREIGN KEY (student_account_id_id) REFERENCES rmo.accounts_account(account_id) DEFERRABLE INITIALLY DEFERRED;


--
-- Name: forms_formapproval forms_formapproval_account_id_id_2088b558_fk_accounts_; Type: FK CONSTRAINT; Schema: rmo; Owner: admin
--

ALTER TABLE ONLY rmo.forms_formapproval
    ADD CONSTRAINT forms_formapproval_account_id_id_2088b558_fk_accounts_ FOREIGN KEY (account_id_id) REFERENCES rmo.accounts_account(account_id) DEFERRABLE INITIALLY DEFERRED;


--
-- Name: forms_formpanel forms_formpanel_account_id_id_b7639551_fk_accounts_; Type: FK CONSTRAINT; Schema: rmo; Owner: admin
--

ALTER TABLE ONLY rmo.forms_formpanel
    ADD CONSTRAINT forms_formpanel_account_id_id_b7639551_fk_accounts_ FOREIGN KEY (account_id_id) REFERENCES rmo.accounts_account(account_id) DEFERRABLE INITIALLY DEFERRED;


--
-- Name: forms_proponent forms_proponent_account_id_id_6a59ceb6_fk_accounts_; Type: FK CONSTRAINT; Schema: rmo; Owner: admin
--

ALTER TABLE ONLY rmo.forms_proponent
    ADD CONSTRAINT forms_proponent_account_id_id_6a59ceb6_fk_accounts_ FOREIGN KEY (account_id_id) REFERENCES rmo.accounts_account(account_id) DEFERRABLE INITIALLY DEFERRED;


--
-- Name: forms_proponent forms_proponent_form_id_id_5d8bd7d8_fk_forms_form_form_id; Type: FK CONSTRAINT; Schema: rmo; Owner: admin
--

ALTER TABLE ONLY rmo.forms_proponent
    ADD CONSTRAINT forms_proponent_form_id_id_5d8bd7d8_fk_forms_form_form_id FOREIGN KEY (form_id_id) REFERENCES rmo.forms_form(form_id) DEFERRABLE INITIALLY DEFERRED;


--
-- Name: forms_proponent forms_proponent_thesis_title_id_id_0345ff8a_fk_base_thes; Type: FK CONSTRAINT; Schema: rmo; Owner: admin
--

ALTER TABLE ONLY rmo.forms_proponent
    ADD CONSTRAINT forms_proponent_thesis_title_id_id_0345ff8a_fk_base_thes FOREIGN KEY (thesis_title_id_id) REFERENCES rmo.base_thesistitle(thesis_title_id) DEFERRABLE INITIALLY DEFERRED;


--
-- Name: forms_proposedtitle forms_proposedtitle_college_id_id_57d6c8a8_fk_base_coll; Type: FK CONSTRAINT; Schema: rmo; Owner: admin
--

ALTER TABLE ONLY rmo.forms_proposedtitle
    ADD CONSTRAINT forms_proposedtitle_college_id_id_57d6c8a8_fk_base_coll FOREIGN KEY (college_id_id) REFERENCES rmo.base_college(college_id) DEFERRABLE INITIALLY DEFERRED;


--
-- Name: forms_proposedtitle forms_proposedtitle_form_id_id_2868177e_fk_forms_form_form_id; Type: FK CONSTRAINT; Schema: rmo; Owner: admin
--

ALTER TABLE ONLY rmo.forms_proposedtitle
    ADD CONSTRAINT forms_proposedtitle_form_id_id_2868177e_fk_forms_form_form_id FOREIGN KEY (form_id_id) REFERENCES rmo.forms_form(form_id) DEFERRABLE INITIALLY DEFERRED;


--
-- Name: institutionalResearchAgenda_keyresearcharea institutionalResearc_ira_id_b3c5dbab_fk_instituti; Type: FK CONSTRAINT; Schema: rmo; Owner: admin
--

ALTER TABLE ONLY rmo."institutionalResearchAgenda_keyresearcharea"
    ADD CONSTRAINT "institutionalResearc_ira_id_b3c5dbab_fk_instituti" FOREIGN KEY (ira_id) REFERENCES rmo."institutionalResearchAgenda_institutionalresearchagenda"(ira_id) DEFERRABLE INITIALLY DEFERRED;


--
-- Name: institutionalResearchAgenda_researchtheme institutionalResearc_key_area_id_80576ef7_fk_instituti; Type: FK CONSTRAINT; Schema: rmo; Owner: admin
--

ALTER TABLE ONLY rmo."institutionalResearchAgenda_researchtheme"
    ADD CONSTRAINT "institutionalResearc_key_area_id_80576ef7_fk_instituti" FOREIGN KEY (key_area_id) REFERENCES rmo."institutionalResearchAgenda_keyresearcharea"(id) DEFERRABLE INITIALLY DEFERRED;


--
-- Name: institutionalResearchAgenda_prioritytopic institutionalResearc_theme_id_b082ab84_fk_instituti; Type: FK CONSTRAINT; Schema: rmo; Owner: admin
--

ALTER TABLE ONLY rmo."institutionalResearchAgenda_prioritytopic"
    ADD CONSTRAINT "institutionalResearc_theme_id_b082ab84_fk_instituti" FOREIGN KEY (theme_id) REFERENCES rmo."institutionalResearchAgenda_researchtheme"(id) DEFERRABLE INITIALLY DEFERRED;


--
-- PostgreSQL database dump complete
--

